q_actual,q_langmuir,residual_oof_pred,q_hybrid
3.623446868054246,3.9136492173240978,-0.40597245126367376,3.507676766060424
3.5492214867599454,4.245846442370542,-0.531340049729301,3.7145063926412414
4.217409017927312,4.3871703799956006,-0.25631390326209047,4.13085647673351
2.8202409974140803,2.9319911041219475,-0.39416076037242437,2.537830343749523
4.3983079427808,4.760579345800444,-0.5980691758244282,4.162510169976016
2.4748401554147397,2.544194058930688,-0.3035087894329498,2.240685269497738
7.100938204374068,5.923199597783653,1.0843529416116882,7.007552539395341
2.4078299069635767,1.2905697766322444,0.8127097604395254,2.10327953707177
4.6445431558399095,4.836744034551066,-0.1355641104493808,4.701179924101686
3.492750851788246,4.251876027966904,-0.49646051995472834,3.755415508012175
4.468955887527139,4.107990261227652,-0.1092450029679885,3.9987452582596634
3.060710587420814,2.7759272985114727,-0.5706641315213148,2.205263166990158
4.978355132591977,5.434179953812029,-0.42363015396669557,5.010549799845333
2.3778985902143757,2.2559347930773135,0.16221888163168513,2.4181536747089987
3.1199048420061306,2.163061241433522,0.608780670054472,2.7718419114879937
5.20907518553024,4.390876543943541,0.7181692420812978,5.109045786024839
4.324299876130083,3.9171968236165617,0.24876334543408943,4.165960169050651
2.656047889404737,1.7601197728295457,0.774771982672134,2.53489175550168
3.3113241744867907,3.838829260844295,-0.2943943729174792,3.544434887926816
6.834307521989777,5.739282011473504,0.6754366536263967,6.414718665099901
3.9348776435356534,4.24310024003797,-0.1131139968909737,4.1299862431469965
5.654413309032204,5.5361035514956765,-0.041265291837549053,5.4948382596581276
3.6611326777880024,3.1715494064772667,0.5510716761736858,3.7226210826509525
2.6090653544414986,1.9614281869609544,0.5552154553937789,2.516643642354733
1.7124196938724636,2.4977024423787704,-0.2933474033011196,2.204355039077651
2.685071532745665,2.934514138565823,-0.04650246615643991,2.888011672409383
3.6197768822113616,2.811667915756923,0.6022643425783559,3.413932258335279
4.246279071764219,4.876341987408813,-0.6004052110391068,4.275936776369707
7.014086917438377,5.832627185094659,0.9745896822561981,6.807216867350857
4.868953454120923,5.130387939005379,-0.16507626649321913,4.9653116725121595
4.812390712137683,4.524810332148832,-0.043957290394611076,4.480853041754221
4.07328611491838,3.892874269092214,-0.18367796673028888,3.7091963023619248
4.83413567532968,4.597503006644836,0.09236125164641518,4.6898642582912515
2.738737541414683,3.1301885180405127,-0.12895168554137848,3.001236832499134
2.5240109285670087,2.097965042486704,0.8562493822162183,2.954214424702922
5.53781298225823,4.959630686740098,0.21439119313292718,5.174021879873026
2.3954521983861756,3.12419153152413,-0.4118648209882875,2.7123267105358426
5.675327104081186,5.379691445441907,-0.24546143616296903,5.134230009278937
3.753426551456024,4.350472414955922,-0.5579279338004177,3.7925444811555042
3.7610450198555503,3.646048060578738,0.02064410908056592,3.666692169659304
3.582893659841653,3.982377445546794,-0.09693647508725749,3.8854409704595367
4.778055201925565,5.044039531953888,-0.021863617019334505,5.022175914934553
3.0156079197242147,2.5081737311666235,-0.046740016697624315,2.461433714468999
2.813087754328419,3.3037777551929386,-0.2937171211213964,3.010060634071542
4.4757787403982325,4.686866544929732,-0.045467872337997615,4.641398672591734
3.3338626046919244,3.930693287325576,-0.5625245925218421,3.368168694803734
5.288827093793425,4.641401141170081,0.0150171373922308,4.656418278562312
4.158368164096764,4.456081055175305,-0.38266362349955685,4.0734174316757485
3.303088449179019,3.467149708365634,-0.02254870761312071,3.4446010007525136
2.3878031498850034,2.03557925002036,-0.047015505238510835,1.9885637447818494
4.808821957343922,5.1417748250622495,0.3249000842807452,5.466674909342995
1.8550952454365264,1.3631439932841292,0.5261735004252907,1.8893174937094197
4.087807950167639,3.9820768903083303,-0.09465192426106124,3.887424966047269
6.35188549646047,6.263127544926961,0.5640448784338313,6.827172423360793
6.2343251871373,5.317145443393457,0.4461470576732189,5.763292501066676
5.862833139231767,5.59817014359459,1.0178553860844866,6.616025529679076
4.76834784362096,4.91984114364942,0.43551795594014425,5.355359099589564
5.639237271992038,5.2339072714110415,0.6551093014065826,5.889016572817624
3.75308736085657,4.042415989499867,-0.40745341827811943,3.6349625712217475
6.386327089357205,5.568768983164207,0.2997980311899849,5.868567014354192
6.417234919066843,5.475639502598564,0.7089013723917741,6.184540874990338
3.194690021472414,3.81302468154575,-0.43697186087377426,3.3760528206719758
2.897624834739666,3.307157764676515,0.004841840156942527,3.3119996048334577
4.150880835406472,4.958119845344213,-0.7230345766979344,4.235085268646279
3.0108629451710684,4.1116794148713325,-0.4973788746894734,3.6143005401818593
5.027482267723595,4.977785292049132,-0.2413461922193675,4.736439099829765
2.446982136912808,2.588045618945513,-0.3270131416094139,2.2610324773360992
3.811235083364163,4.319083323392254,-0.20523448856956952,4.113848834822685
6.68283777032677,5.896664480949886,0.49310909846319223,6.389773579413077
3.813416590480164,3.2339951853136086,0.36614146637343037,3.600136651687039
4.217097615507669,4.30652965550779,0.32018734175982966,4.62671699726762
7.197111836322942,5.680443229320587,0.7989772620504374,6.479420491371024
4.647550863049246,4.93886798276383,-0.35140942340498443,4.587458559358846
4.46151525258615,4.478032181921773,-0.15924776707081467,4.318784414850959
3.2174615807332927,3.457197428844541,-0.27909389214699143,3.1781035366975496
2.6075176446560313,3.210050478695574,-0.41520687501337766,2.7948436036821964
5.227388521162605,4.462760618770765,0.6556309539946044,5.118391572765369
3.532593989642115,3.2888307607345566,0.6238019626688742,3.912632723403431
4.3776776588798505,4.765414558461081,0.10169314057313664,4.867107699034217
3.337607128273166,4.049820164273785,-0.3258703853365572,3.723949778937228
1.983635588634493,2.6045077795143174,-0.16937106945972275,2.4351367100545946
6.137164800962872,5.759449424817981,0.6121586497661514,6.371608074584132
3.038137329235088,3.2359051968116836,-0.017528192754207913,3.218377004057476
4.6460594531350115,5.038570164138346,-0.196271725803823,4.842298438334523
3.427283944930432,3.9571511491912226,-0.4084383387724206,3.548712810418802
5.321572008220727,5.093167062927321,0.38829475946332725,5.481461822390648
4.316032391929927,4.961996157911079,-0.26867394707594305,4.693322210835136
6.029395103047773,5.6657227978365645,-0.05524425998943597,5.610478537847128
4.024389404342847,4.175273302612455,0.17987064871288547,4.35514395132534
4.317573986105318,5.053987094705422,-0.6791703921036227,4.3748167026018
4.630200143398646,4.57389720542661,-0.2198854555883473,4.3540117498382624
2.5818055526968817,2.0561916042923416,-0.12333083387810935,1.9328607704142322
3.915460916755275,4.072056440012245,0.6271862777842463,4.6992427177964915
2.931646411564533,3.3446210583099187,-0.2174534458819632,3.1271676124279555
5.11137118359655,5.5398435165051465,-0.11872014949430383,5.421123367010843
5.234682521082076,5.457648527457444,-0.41387953577685854,5.043768991680585
4.761814121618638,5.200307135831145,-0.5320224518971715,4.668284683933973
5.600572682992953,5.05662287290466,0.5775389551170992,5.6341618280217585
3.555312487249742,4.091121324640227,-0.3486630485034331,3.742458276136794
5.200636231720392,4.698555369414982,0.11397095009638049,4.812526319511362
3.951316454561338,4.343751705788018,-0.2821407211359297,4.061610984652089
3.2840579798469194,3.1686959605462324,-0.03876297184081247,3.12993298870542
5.640564210698786,5.032702103197431,0.6496128140273818,5.682314917224812
3.650506436115485,3.8403127905915473,-0.02088057947242844,3.819432211119119
4.732357802056562,4.1869179870232145,0.043181954235722866,4.2300999412589375
4.826439996791864,4.108918998319995,0.4881510959650564,4.597070094285051
4.156333500602409,4.529004068927098,-0.4946990166838076,4.03430505224329
6.042423667741108,5.655832115902061,0.20064598294067973,5.85647809884274
7.14837601037951,6.0289979462987064,1.054839412264811,7.0838373585635175
6.004643730260366,5.558585155033333,0.348657283001408,5.907242438034741
3.963158292756204,4.464932155368027,-0.4986025377918332,3.9663296175761937
2.7863351607342093,3.374873425765127,-0.47427934457424054,2.900594081190887
3.953951038751904,4.145965518734835,0.03301728508688807,4.178982803821723
4.272866972908825,5.264065351470711,-0.7877548351693235,4.476310516301387
3.469980596618867,3.913662371832337,-0.16523209877926923,3.7484302730530676
2.4331826563348753,2.875592920128301,-0.29821711149782404,2.5773758086304768
6.0902970450605824,5.816311215398038,0.26255636272256405,6.078867578120602
4.47497283425194,5.336711815656405,-0.7325252110357957,4.604186604620609
3.4340894663487056,3.551430724862356,0.2205267928600789,3.7719575177224347
4.0511789445157715,4.566908538625811,-0.3335648462676096,4.2333436923582015
4.213307058657655,3.9206766161389255,0.34530617090243365,4.265982787041359
3.7294318932337744,4.030354571223747,-0.2876149875267722,3.742739583696975
4.892868777294863,5.566823294497087,-0.5633118546603451,5.003511439836742
4.641513189316468,4.685459448751875,-0.061605414712020176,4.623854034039854
2.829053750425542,3.4249677910991054,-0.15445280955868515,3.2705149815404204
2.6942224967836585,2.0922843192657767,0.3545769129846969,2.4468612322504737
3.1740445775633286,2.0838027597251276,0.6469601469352249,2.7307629066603525
4.324452967549339,4.552043440517796,-0.23496452894077982,4.317078911577016
7.29165162511477,6.1842647758989795,0.9335122064833206,7.1177769823823
6.6656997154062125,6.175504075263419,0.5137842280472737,6.6892883033106925
4.578610107868845,3.791335781257171,0.4073458459747658,4.198681627231937
3.830873450071335,4.713961888317775,-0.6866745411913797,4.0272873471263955
2.717498644193313,3.375784993162215,-0.3558914250297714,3.0198935681324435
3.8265577409738087,3.802375164361949,-0.27363299857091083,3.528742165791038
2.9129792716579512,3.3020311925528536,0.17667698956488492,3.4787081821177384
4.538307601479131,4.960121498038983,-0.16869859855146757,4.791422899487515
4.075843861927411,4.238208844759157,-0.0916605726522316,4.146548272106926
3.188011700273381,4.1307675537431505,-0.6895814863994847,3.441186067343666
6.31427158024652,5.75646243504168,0.41970196017806627,6.176164395219747
2.5962601289905636,3.087698499038045,-0.35336731464489585,2.7343311843931493
2.6490093300407422,3.6011544292610513,-0.6249268054003932,2.976227623860658
3.9708277471408464,4.159181616672904,-0.32461519511683506,3.834566421556069
2.2534096292381873,1.6925559390628178,0.4051281977305341,2.097684136793352
3.218642928611525,2.488538077176733,0.3718944793726843,2.8604325565494175
2.1482758311119574,2.333838141504659,-0.14327930179637421,2.190558839708285
4.282056708279155,4.689269476502244,-0.37919213716882555,4.310077339333419
3.6704909903592298,3.904101711175688,-0.49716401108459546,3.4069377000910923
4.961105519812947,5.0561620016479445,-0.33731017206230335,4.718851829585641
5.997497197808951,5.080698684202764,0.42841281450310664,5.50911149870587
3.7196294857743615,4.084157307480179,-0.330173652792383,3.7539836546877963
3.740961919070682,4.7808709732158485,-0.5631403861957796,4.217730587020069
3.923079249343164,4.474469515533217,-0.7484432443528479,3.726026271180369
3.531215555237986,3.700282019980836,-0.10427344042515005,3.596008579555686
4.754300323283566,4.907641623042279,-0.07182751469809769,4.835814108344182
6.6090568789192705,5.519490147809107,0.4886413968137061,6.008131544622813
4.286501962276955,4.65459938662659,0.1371016201599059,4.791701006786496
6.979710857275613,5.777126334139675,0.8507755137055549,6.62790184784523
3.837918985231112,4.025142864725394,-0.3369863150502999,3.688156549675094
5.120535142346806,4.5450131310804,0.3471150287309141,4.892128159811314
2.751373801217716,2.624940103922677,0.7094114667196271,3.3343515706423044
6.347728339834065,5.757761269312815,0.4287381762000131,6.186499445512828
4.179282689411631,4.545241617415137,-0.5651285648054297,3.980113052609707
3.625880195611842,3.4861823676884627,0.17030510568591792,3.6564874733743804
3.8779846718725888,3.662643023070133,0.4204802925956987,4.083123315665832
3.222679804667794,4.097990175862756,-0.570626396926649,3.527363778936107
6.542790415013865,5.680998360735735,0.7671947130609977,6.448193073796733
3.990104541639839,4.12994680757684,-0.19102972048187156,3.938917087094969
6.438892146438997,6.191324851104952,0.7500369433987715,6.941361794503723
7.22942064419304,5.761489558087012,0.7128252195228094,6.4743147776098215
3.4379766951391786,2.937193475563613,0.19950186903886402,3.1366953446024772
4.589701053892524,4.441921671416901,0.40744614461621864,4.84936781603312
3.3357538379855023,3.2964983285634117,-0.06790267438094363,3.228595654182468
4.907371354080611,4.750773446883688,0.5394129860445546,5.290186432928243
3.3277348059041314,3.9152883678987624,-0.5140456296008261,3.4012427382979364
6.4029902025667935,5.64526369510696,0.028124525761492877,5.673388220868453
4.181159383478975,4.7253867094923345,-0.17584548791917146,4.549541221573163
4.108025383761994,4.775131513112186,-0.44458912007249246,4.330542393039694
3.5087070978497414,4.203213184249533,-0.39469711516061234,3.8085160690889204
3.893115834330667,4.932114063839642,-0.7109543750378615,4.221159688801781
5.322368305559258,5.341655156148114,-0.04395306651960583,5.297702089628508
5.059751914281609,4.6615861319268905,0.16161628830831193,4.823202420235202
3.995312334096225,3.925932079315088,0.20996667755679901,4.135898756871887
4.188725599478599,3.5540943300319374,0.47852912052662927,4.0326234505585665
2.49834590179635,2.387745639452812,0.21303507952607845,2.60078071897889
3.9687353909972622,4.255080150094512,0.09892109820499058,4.354001248299503
3.688347333654057,4.5512052217115535,-0.3041843073954481,4.2470209143161055
3.975000504625171,3.844347611782072,0.3800577865582675,4.224405398340339
3.640117188213099,4.129340873478252,-0.11053963233183038,4.018801241146422
3.4027958302847847,2.9191037090504937,0.8004452309261236,3.719548939976617
2.411180916114451,2.5033329013778616,-0.49515536927656895,2.0081775321012927
3.3985673985763527,3.633561214556539,-0.24080303588984528,3.3927581786666936
3.8531905276186658,4.185684670766121,-0.5314100337223208,3.6542746370438004
3.3133087129301377,3.275836153466611,-0.0007157195699827998,3.275120433896628
4.178541582885645,3.805144175179009,0.14297913777609844,3.9481233129551074
3.83970001875342,4.361304843278033,-0.4411422455490209,3.920162597729012
5.2540870405760565,5.291789777553641,0.140646566246394,5.432436343800035
2.875332231817872,2.058283058962731,0.8081827036905979,2.8664657626533288
4.565702421825719,4.9597889059029185,-0.5703588800265298,4.389430025876389
3.557644174554289,4.277011820836101,-0.552552514541466,3.7244593062946354
5.159624951822001,4.459958661794374,0.6977969071474799,5.157755568941854
2.433499359028833,2.601262245254482,-0.43712961252821203,2.16413263272627
2.771594920693307,3.441925994687545,-0.4912274235762425,2.9506985711113027
3.92990836917703,4.031438229195277,0.12409172112743572,4.1555299503227126
3.6934345074297785,3.1739161230940427,0.5947330533252366,3.768649176419279
5.142339583300628,5.454747162664603,-0.13944632106375435,5.315300841600848
4.12017595851042,4.065767941362977,0.36796119431938545,4.433729135682363
3.7529947723815966,3.9717468781184353,-0.05901835268120616,3.9127285254372293
5.052847500523631,5.276780480848897,0.01816880855172738,5.294949289400624
2.1493447968545496,2.755838520093918,-0.6413729705299195,2.1144655495639983
3.8180295060483274,4.127045109646706,-0.36903135493761036,3.7580137547090953
3.899792910298115,4.472993144915668,-0.37452494900831185,4.098468195907356
3.3133924520119384,3.464743243376021,0.5085051466190756,3.9732483899950966
2.963141334893419,2.087646597584832,0.780231598864352,2.867878196449184
3.882565319884092,4.23229892281404,-0.5623536958828959,3.6699452269311443
2.7787612651076072,2.7337548291033245,0.28250343207253775,3.0162582611758624
5.598389796920196,5.336180564579161,0.7317811392850436,6.067961703864205
3.3209031541853116,3.292251296827671,0.09939022830642945,3.3916415251341006
1.8643604262248703,0.8543966378745833,0.46301716050530517,1.3174137983798886
4.227062190515561,4.682809208822892,-0.5005924134635766,4.182216795359316
1.7363506184523725,1.3716538062689885,-0.037585868647154345,1.334067937621834
3.681525367935031,3.782164799331684,0.1774356110897045,3.9596004104213884
4.663782509692396,4.529400996129682,-0.3378768580385223,4.191524138091159
3.8826444709530623,4.0801266614535665,-0.03803609581974076,4.042090565633826
3.2854206938923585,4.037012798799073,-0.5694666545719962,3.467546144227077
3.6544912088511503,3.8062368013472687,-0.0911418421467067,3.715094959200562
2.863721560824023,3.3245408413942874,-0.28213843592886795,3.0424024054654195
3.587960408653693,3.8617946236493386,0.06902516891283073,3.9308197925621693
2.9658410776500457,2.8492450614078626,0.08885762905231191,2.9381026904601746
4.466086315265039,4.55824509386141,-0.2307768844376676,4.327468209423742
4.283196742026297,5.236238587581419,-0.0891014467740547,5.147137140807365
1.844047561915261,1.3755208612306928,-0.08718041916397819,1.2883404420667146
4.059374863630266,4.116159268660839,-0.5077637658744907,3.6083955027863484
4.472424061977791,4.584641727901011,-0.2240559322625024,4.360585795638508
3.548926760365752,3.7325009273290854,-0.4504317679178452,3.28206915941124
4.970677679174717,4.873968622057645,0.4886361105173714,5.362604732575017
6.70945137683582,5.825982099537262,0.6207113232641529,6.446693422801415
3.011360417629775,2.110780993247353,0.8782267121954513,2.989007705442804
6.34815004199293,5.443264495985452,0.5743600568934877,6.01762455287894
3.1451719511385594,2.942255011457859,-0.40118485120127334,2.5410701602565857
6.806922519186464,5.757808729552142,0.9068171940561875,6.664625923608329
4.847603749902294,5.459591468602868,-0.7726053113376484,4.68698615726522
3.4384501528013147,2.8801325907559487,0.5405582211155334,3.420690811871482
2.862839487951645,3.2122317586056965,-0.38296642888059285,2.8292653297251036
3.999271242080297,4.297735972691159,-0.08009975305223757,4.217636219638922
3.963320180398948,4.6782253440813495,-0.5179912021865394,4.16023414189481
2.465523646281193,2.6852111804542416,-0.46151409683300076,2.2236970836212406
4.988499385746702,4.905747741250432,-0.3129832172886405,4.592764523961791
6.674586701970285,5.463529160822004,0.7060258882692851,6.169555049091289
2.8120846149786582,2.417685626033596,0.0503062987308743,2.4679919247644704
2.9530971016591256,3.3846304812281285,-0.1979377842546852,3.1866926969734433
3.1092977697182005,3.647973404219226,-0.41881496406180035,3.2291584401574256
4.854296215128329,4.616013352932727,0.2521184109744091,4.868131763907137
3.96877520918392,4.269428299786912,-0.23402145946553699,4.035406840321375
3.371470357683383,3.112826017020959,0.5439208860080655,3.6567469030290245
2.8741150132934563,2.5781036950883345,0.22404897643475744,2.8021526715230918
6.3605602580541,5.5972558994357255,0.9344863304629613,6.531742229898687
2.8061919180341213,3.1380402951110127,-0.25028771210602485,2.8877525830049877
3.541914629821869,3.698834716361549,-0.2891447367005701,3.4096899796609788
4.283807904372464,4.549095454990447,-0.2261146266548574,4.32298082833559
5.7918129005110295,5.668452244983252,0.7558654324718264,6.424317677455078
3.7627078766565134,3.838555173676592,-0.1023530179060635,3.7362021557705285
5.005651409061473,5.409201871870578,-0.1860244652700795,5.223177406600499
4.108586548896543,4.176582110501187,0.3509432161574039,4.527525326658591
5.005938405611848,4.9097013450091005,-0.16474779545293308,4.744953549556167
3.7007683144271657,3.5153682204224275,0.3314701251248592,3.8468383455472868
2.838366285461821,3.3277680207621207,-0.4135535335781377,2.9142144871839832
2.806334889098484,3.579753280274187,-0.5846733462680005,2.9950799340061867
3.3670973001895588,3.8858991433814056,-0.24856146851915326,3.6373376748622523
5.063764554824941,4.764557871273324,0.4541159358119276,5.218673807085251
7.753081983695127,6.309443194442364,0.3817635431754628,6.6912067376178275
4.909140980624111,4.9943346642232616,-0.4156854538622244,4.5786492103610374
4.271112949485593,4.691611925409741,-0.24294769644476596,4.448664228964975
3.619147353727013,3.927050110664813,-0.3927321088222157,3.534318001842597
4.823518535379458,4.756754138692471,0.13418133509110675,4.8909354737835775
4.09565549990213,4.540760530229562,0.18105765046953748,4.7218181806991
5.164990198473316,5.002786676079843,-0.20737747413823068,4.795409201941612
3.7244332907420943,4.355981178014421,-0.28589933036567505,4.070081847648746
5.1129052054671495,4.923679800972293,-0.1274738165882999,4.796205984383993
3.2118064877680195,3.9635796539205415,-0.6797714474349296,3.283808206485612
3.624242163951256,3.933153778506864,-0.34430726097845377,3.5888465175284106
5.122914716293708,4.384943564967574,0.8014895519516811,5.186433116919255
3.2022490182716203,3.944356345818049,-0.6665163805398865,3.2778399652781625
5.952711739747638,5.956732036975792,-0.02341011508361364,5.933321921892178
4.761510042767023,4.956958654188238,0.3165212240955011,5.273479878283739
3.1175163292035464,3.4716959841372423,-0.29203209437241656,3.179663889764826
5.786151992743285,5.746207890654246,0.5837810348550468,6.329988925509293
3.4639229046206617,4.269191094621396,-0.7204153722582713,3.548775722363125
3.955519373936547,4.268240080754889,-0.08556031950878742,4.182679761246101
3.641401272934028,3.138734696369859,0.19680578665323692,3.335540483023096
3.832122791011084,4.369725571309501,-0.4917496214135696,3.8779759498959314
5.942634741821735,4.8405068183792705,0.49297700548745194,5.333483823866723
3.9658295295760873,4.095250327389424,-0.19863618796854002,3.896614139420884
4.854871139160557,4.860591173917156,-0.1136774687926888,4.7469137051244665
5.741004774106029,5.456858875073421,0.3256926796172378,5.782551554690659
5.531464157864374,5.480834725150201,0.1301302680804807,5.610964993230682
3.221640509912376,3.177449673517357,-0.1448581047491148,3.0325915687682423
4.722346772196988,4.5063478331120645,-0.2514549004799644,4.2548929326321
3.767238382639028,3.983725009870518,-0.33554195396312,3.6481830559073978
4.405307182767657,4.767801445336993,-0.20135838511403625,4.566443060222956
3.1597156401845923,2.733710860935616,0.44853439981431925,3.1822452607499354
1.929373263542219,1.854584343493407,-0.22244363041326065,1.6321407130801464
4.550525799336803,4.349807434444209,-0.20556961231332296,4.1442378221308855
2.6344813326361676,2.2120960650815324,0.5431210962642372,2.7552171613457697
3.1928151042582447,2.347102342023561,0.39879647050771555,2.7458988125312764
4.411154858144583,4.507137982773974,-0.2970062336397101,4.2101317491342645
5.886173523964832,5.002399915134967,0.5806827595452781,5.583082674680245
4.474719577066826,4.046977166957461,0.6405239334166238,4.687501100374085
5.50351351343314,5.1584162970931535,0.17760454749294313,5.336020844586097
3.887755222146532,4.69674851751305,-0.6088693820600084,4.087879135453042
5.521310645226651,4.766665936786808,0.5399237044794406,5.306589641266249
5.916029117326931,5.2140481902629405,0.4595268740744995,5.67357506433744
1.4165839247252732,0.5583572846759202,0.7621720879360832,1.3205293726120033
5.111547161856597,5.3046322932305685,-0.6034623337941267,4.701169959436442
2.693149262073512,3.0405575410508985,-0.28589766169342945,2.754659879357469
3.9465004084740936,4.668712354677659,-0.3485891178829296,4.320123236794729
3.755196998733176,3.973758069341389,-0.3828885344218421,3.590869534919547
3.150853685622123,2.9825563389177896,-0.19055481514779596,2.7920015237699936
3.7713452173122137,4.046987752843803,-0.2769178109090193,3.770069941934784
5.1857516923128095,5.186926609360404,0.388749514359407,5.575676123719811
4.753436225119048,4.062316950760408,0.26601166438408624,4.328328615144494
2.2273507085429705,1.450376497285022,0.5383837216787096,1.9887602189637317
3.0312361557782124,3.4053340435786943,-0.37330936012707283,3.0320246834516213
3.433913516952401,3.0911876299995846,0.2008653751255086,3.2920530051250934
3.461072841169973,3.991972892429692,-0.2366625048190642,3.7553103876106277
2.3187093745485723,2.068249723432274,0.12974450582851021,2.197994229260784
5.328068960703031,5.642942427198285,-0.30221443841762563,5.340727988780659
3.609719505828131,4.2129495028615205,-0.15423773697244686,4.058711765889074
3.371319461252829,3.684948842547133,-0.19716582610073255,3.4877830164464
3.446917508022546,3.974361040785622,-0.36563128821502144,3.608729752570601
4.76031365538923,4.770479856738087,0.12118788038153226,4.891667737119619
5.953875002641607,6.23066681726805,-0.07965790723537587,6.151008910032674
3.336217830566334,2.7756602388611333,0.7131679617738849,3.488828200635018
3.5380950928795794,3.667113063616903,-0.27778610991542524,3.389326953701478
2.735363154500297,2.856391311986253,-0.08066003592368542,2.775731276062568
5.685772256167736,5.422136483162848,0.617115710416637,6.039252193579484
5.550539937714286,5.401966838586475,-0.2302668202782143,5.17170001830826
3.636238792593268,4.010596828173862,-0.3660623198149649,3.6445345083588974
2.94316097835547,2.0447613807882647,0.67622103172696,2.720982412515225
2.1354587269828147,1.1400278390340373,0.7889714987469822,1.9289993377810195
5.830272090939202,5.722138246200683,0.06257197698459145,5.784710223185274
4.725344701614798,4.5003401445167395,0.4493760176063727,4.949716162123112
4.297364285177234,4.42534957190303,0.3645834750660177,4.789933046969047
4.711023000409881,4.758216387829242,0.10978418235116948,4.868000570180411
4.184371418439068,4.194280682771963,0.08188926774447061,4.276169950516434
5.412796437596749,4.850056163278053,0.8323774436792617,5.682433606957314
2.291692415056247,2.798554252726677,-0.2949953253117274,2.5035589274149497
4.680509021668547,4.795766214195127,-0.3800549173180317,4.415711296877095
2.6776352894121103,2.3084826352779917,-0.47872301653445776,1.8297596187435339
2.708307586688442,2.940649896736665,-0.229300024500928,2.711349872235737
2.784989666421711,2.940551810754208,0.1796476096529441,3.120199420407152
3.3292504770896305,4.003565063778106,-0.34557278296824195,3.6579922808098644
2.711223655117871,2.9834116892234004,-0.11612805503776762,2.867283634185633
3.838811008306987,4.096591822323774,-0.49335517431842335,3.60323664800535
4.340415312880542,5.172819941837561,-0.6772138889260886,4.495606052911473
3.1002619173153554,3.023790591270588,0.15345168366618553,3.1772422749367735
5.204945053533783,4.76627648112505,0.43742232003056036,5.2036988011556105
2.3384523722179726,2.467512328441818,-0.13927158932290182,2.328240739118916
3.668565749464154,2.7527658563028865,0.4753624528740511,3.2281283091769377
2.721068144212331,1.7880515912055652,0.477383986314616,2.265435577520181
2.288165710198474,2.7241737757842897,-0.5176695966124855,2.2065041791718043
3.648513160428324,3.5789415921305,-0.048225328508752566,3.5307162636217475
3.3865136809400016,3.6619007767841634,-0.36055537643713814,3.3013454003470253
4.191225129407098,3.884474522087492,-0.11540730597080567,3.769067216116686
7.691939178575151,6.208695565856841,1.218962156607884,7.427657722464725
5.008741724007089,5.422806617668288,-0.5232996264862592,4.899506991182029
4.02162916598378,4.520887456533284,-0.4938981846184812,4.026989271914803
2.9910758890622735,3.266164965559131,-0.1542946383227186,3.1118703272364128
5.823257381450325,4.607741292731322,0.6200073711503602,5.227748663881682
3.930220650191106,3.9292488495387614,0.18379272681208345,4.113041576350845
3.0962117807502807,3.0363411027957,-0.03467743837540837,3.001663664420292
2.26429781279696,3.0724705853004304,-0.5041979665401739,2.5682726187602567
2.5794459022026404,2.574851116423592,0.08248295205024277,2.6573340684738347
3.279868842546782,2.4995086912906768,0.639970231990404,3.139478923281081
3.043751718340382,3.672382450743467,-0.2948911501368523,3.3774913006066143
2.609036004516593,3.451318713545451,-0.39316061500157495,3.058158098543876
2.7796118607139557,3.3646123114666056,-0.43500453632792035,2.929607775138685
4.995171854967946,5.004621346354245,-0.37456283877552826,4.630058507578717
3.686562492302704,3.871361311707916,-0.385509211532649,3.485852100175267
5.211254116329028,4.737274855162577,0.531578065770029,5.2688529209326065
4.422757386717598,4.838638477122124,-0.39545523073961764,4.443183246382506
3.7306634570949817,3.2299098177555257,0.1366015061757804,3.3665113239313063
2.433840661897166,1.9311199088488595,0.6548965186259806,2.5860164274748403
5.167075323349046,5.187551047559581,0.2672991594063252,5.454850206965906
1.7836130776783885,0.9642002384782344,0.7974942890725704,1.7616945275508047
3.643801549407146,4.214993655665713,-0.5220902252012132,3.6929034304644994
8.315569945691788,6.105616241375532,1.1483117276182726,7.253927968993805
2.623959816352404,2.19285296423222,-0.019735819715725265,2.1731171445164947
3.959793431390456,4.311724111352923,-0.36749505595811716,3.944229055394806
3.818219546814385,4.627940091570233,-0.6194402294316163,4.008499862138617
4.3382648762938665,4.351816624083326,-0.11623945569137656,4.235577168391949
4.045341163143979,4.336098992388793,-0.4260298337777086,3.9100691586110847
3.0909809490482982,3.244435877471344,-0.3099945580677353,2.934441319403609
5.599949202851014,5.113105315713149,0.07005804230249962,5.183163358015649
3.7205033136972143,3.571034944170197,0.2127324357742417,3.7837673799444387
5.1667039396055925,4.362566187459814,0.4605838021822379,4.823149989642052
4.547218543734952,4.868873352661872,-0.4137835850146883,4.455089767647183
2.9221828764378737,3.319032311103159,0.04340803252917808,3.362440343632337
3.9734287775811574,4.488220686186031,-0.38297483113182296,4.105245855054208
2.1074866508020627,1.4929401078284532,0.23934877181596415,1.7322888796444174
3.6143963183011327,4.16611514666436,-0.48695158479766004,3.6791635618667002
3.588482043372204,4.469350618930591,-0.521232831089026,3.9481177878415648
3.2362763389601756,3.624815359397736,-0.3123332497466544,3.3124821096510817
3.4299339762677596,4.0039810998827,-0.3970195136078871,3.606961586274813
2.396632224303352,2.049215391495805,0.48829547777279936,2.5375108692686044
3.038450418169897,3.263805023309283,-0.18627255059113304,3.07753247271815
5.3665512739740535,5.564900097435872,-0.39240172551794544,5.172498371917927
2.08618313132433,1.8399721411817116,0.1160690055729325,1.9560411467546441
4.954103469143062,5.0560788445355405,0.1110464259214039,5.167125270456944
3.839993741468893,3.745567868100224,-0.1467709299714396,3.5987969381287845
4.229057293342842,4.8376233534471655,-0.535347939212567,4.3022754142345985
3.258842494984852,3.8166187928837942,-0.3234665257693615,3.4931522671144326
5.222447327978099,5.5165470766208085,0.17227393335570623,5.688821009976515
5.906736454621126,5.640202101592039,0.15596513744152485,5.796167239033564
2.991099386656413,3.562303127251688,-0.3672066538647267,3.195096473386961
5.7449353016007825,5.543984849504817,0.3232258826841826,5.867210732188999
4.88282075550191,4.8675454522651265,0.0670493958380533,4.934594848103179
3.8604130127779097,4.2696630411954954,-0.2845247742653502,3.985138266930145
3.2433673701162085,3.660181075050688,-0.29763401571535025,3.3625470593353377
7.294842479897263,6.269347672929241,1.18989263043257,7.4592403033618115
3.084460932095096,3.1285552877726763,-0.25169563547080853,2.8768596523018677
4.691065417810497,5.179864778928393,-0.3068868514779112,4.872977927450482
4.864117926214428,5.466073597513439,-0.6515505101587171,4.814523087354722
2.1763351436867717,2.2399388976020997,0.16673305649350725,2.406671954095607
3.243732954028589,3.721010551520705,-0.4625549655973156,3.258455585923389
2.914991890793854,3.2398002038048954,-0.2635586791025075,2.976241524702388
5.169801385775936,5.063516506388806,0.1930674329197947,5.256583939308601
3.9483360388257607,3.868411919944304,-0.12935922634595473,3.739052693598349
5.2211996119773785,5.180372405260318,-0.20317415735417807,4.97719824790614
2.9327720848789407,3.1865193103684515,-0.2780463658150753,2.908472944553376
5.496232133975139,4.795812499609615,0.3444766018112535,5.140289101420868
3.4600376608028,3.869736810120393,-0.4201287289542941,3.449608081166099
7.263489612455872,6.655793765311715,0.8725438684884261,7.528337633800142
4.2353499445317535,4.493072770510608,-0.452993509419974,4.040079261090634
3.5470145756641975,4.3014428227031,-0.2267882209716869,4.074654601731413
2.6216409740013114,3.1125318701418183,-0.27265783471846783,2.8398740354233505
2.915895428071454,2.757381699290664,-0.26231097763753164,2.4950707216531325
2.6621963813699505,1.8785041784471748,0.11570229812553315,1.9942064765727079
6.003707745795581,5.377729879263769,0.6666017612881188,6.044331640551888
2.7325836765867564,3.0192966828614285,-0.22959783528589847,2.78969884757553
4.237227056032419,3.778063427670692,0.13513476143387476,3.913198189104567
3.5437770012344556,3.042198571642662,-0.05609530753079661,2.9861032641118657
2.277808768226657,2.747768432406336,-0.29736298184806187,2.450405450558274
5.235966012812114,5.3012862033616495,0.10968435153263159,5.4109705548942815
4.210038877162074,4.234069762815241,0.6635203630433951,4.8975901258586365
3.183064651528368,3.3250924692433417,-0.030852582993008693,3.294239886250333
4.360095641788436,4.410496241937582,-0.3342608195150842,4.076235422422498
6.032794159789508,5.61298246240141,1.0546589044380419,6.667641366839452
3.529332775748991,3.8832802509478994,-0.3143998762195362,3.568880374728363
3.49296319327903,3.5465410655170952,0.07069765731608549,3.617238722833181
3.174029390785863,3.6738481688415576,-0.3812429487383842,3.2926052201031735
4.769299304933786,4.428623468323266,0.48863317691995123,4.917256645243217
3.3461965797515014,3.5375929606436887,-0.023527854579820477,3.5140651060638683
2.891165009959542,3.233710385170555,-0.2925448785083822,2.9411655066621725
4.859020582179271,4.838338048904344,0.09714843501189682,4.9354864839162405
5.307395082894241,5.551307907074633,-0.03552224710465467,5.515785659969978
3.65041604804858,3.996912767023419,-0.27444707222931236,3.722465694794107
2.883374965088684,2.4709297365897034,0.47487679846396647,2.94580653505367
5.674932001068563,4.8073872660296235,0.18364644800854366,4.991033714038167
4.697113228211734,5.010118578704132,-0.4081393385451538,4.601979240158978
6.82460208255668,5.782651674878242,0.0812895217167064,5.863941196594948
3.133249477110976,3.755743465935388,-0.424915759686914,3.330827706248474
3.499671530392506,3.7004920224028384,0.09901607305502032,3.799508095457859
4.488081269632977,4.894456104208295,-0.5121336027027843,4.382322501505511
3.1440192517322405,3.4298692078244186,-0.17042448799722798,3.2594447198271905
3.1426945667386774,3.363935651227714,-0.09218882090873877,3.271746830318975
5.539443878567093,5.024208435216128,0.5786274648991283,5.602835900115256
6.2936592356692325,5.885790255801152,0.10248788361437391,5.988278139415526
2.6662521378873216,1.746823319513548,0.4161114323345044,2.1629347518480526
4.15882197762487,4.099360260926196,0.006934761350653111,4.106295022276849
3.684320360153604,4.033833699415624,-0.3512389081732024,3.6825947912424213
4.520735870758785,4.843915638147366,-0.3667048043808255,4.477210833766541
5.832902919459787,5.686431584501242,-0.07907062153411526,5.607360962967126
4.941767970352683,5.592317521948737,-0.2016472161256536,5.390670305823083
3.8243519132205033,3.749377303545262,-0.09933808883188659,3.6500392147133756
6.121871492878169,5.517110279742569,0.32958164171639764,5.846691921458967
4.05037255260124,4.18344722613118,-0.16965279318427118,4.013794432946908
3.729119321226827,4.29634764591794,-0.3118688666964158,3.984478779221525
5.008411341046004,5.156813889636243,-0.13725631040826144,5.019557579227982
5.453201637210374,4.998697402362467,0.4482805106204594,5.446977912982926
3.3106811186492737,2.8004498960644035,0.4578682486286047,3.2583181446930083
3.6955170197623666,4.2099834343670395,-0.5002841182199925,3.709699316147047
4.275496898223078,4.574574693461711,-0.3943890776506139,4.180185615811097
3.692057242428042,3.6864598233853183,0.1381983654618918,3.82465818884721
4.151772940662511,4.436198264222534,0.5733281181078733,5.009526382330407
5.467861067622426,5.113193895395953,0.1469798874462532,5.260173782842206
3.359008255454807,3.259957801186161,-0.05424488437882975,3.205712916807331
5.391174564463709,4.708431232299938,0.6683105519242638,5.376741784224202
6.316314723067324,5.377673219464981,0.7001769504869741,6.077850169951955
4.660607998338729,4.587879095318651,-0.18725892840341532,4.400620166915235
2.2688649902471787,2.057186279358304,0.5989011900180902,2.656087469376394
3.619667713848736,3.405217350689454,0.48694989408430306,3.892167244773757
3.9976972363730456,4.265696186025101,-0.11724915383315236,4.148447032191949
4.904049313318898,5.0362216430126185,-0.021640093480104323,5.014581549532514
1.828944045109496,2.416571336819783,-0.5353475563185719,1.881223780501211
2.891276563845639,3.0679139363612955,-0.3032177092103166,2.7646962271509787
5.053822991037641,5.251585643723873,-0.44145902471668064,4.8101266190071925
5.796700030908992,5.151510911816554,0.20339629908265563,5.354907210899209
3.253382673925757,3.5056256586501777,-0.0805342767458826,3.425091381904295
3.6194775619761064,4.2727969018723,-0.4707822621701254,3.8020146397021746
4.423325591095485,4.431961631071498,-0.2331640576867207,4.198797573384778
