Run,pH,C0,Time,Dose,Temp,Flow,Chloride,Hardness,Carbonate,NOM,Order,q_removal
1,4.39,2.65,87,2.48,34.2,0.709,0,49,7,11,361,3.795850740835047
2,4.12,2.99,97,4.1,35.7,0.651,63,280,1,15,73,3.317557728126368
3,8.17,4.68,92,1.72,36.0,0.537,18,23,40,24,374,3.5898486969769614
4,4.5,1.41,72,4.37,22.7,1.869,88,479,25,36,155,2.528602623614401
5,4.46,9.21,81,3.32,30.1,1.2,85,369,35,47,104,4.432749642004083
6,4.03,3.34,89,0.74,27.7,1.941,68,82,47,46,394,2.5308696563998065
7,6.64,9.09,70,4.31,35.2,1.477,60,360,6,40,377,6.666327454799832
8,3.11,4.61,10,3.22,28.9,1.12,8,340,68,46,124,2.2208546753645475
9,7.88,4.86,53,2.26,20.2,1.073,45,442,18,13,68,4.872509815570568
10,5.22,9.98,99,1.68,31.2,1.77,40,478,91,13,450,3.303139797115133
11,7.52,9.74,35,3.12,23.0,1.142,7,177,92,49,9,4.377268763196987
12,4.21,8.74,20,3.0,36.3,0.638,95,491,97,44,194,2.876070850935697
13,5.43,5.65,78,1.17,23.4,0.802,58,281,50,9,406,5.0392475128733505
14,3.75,1.94,32,2.38,31.7,1.226,61,481,66,1,84,2.406151480925499
15,3.01,2.05,65,4.52,37.1,0.604,17,229,2,26,371,3.0145067957582135
16,6.39,2.28,45,2.9,30.4,1.566,45,387,72,42,388,5.058865337961018
17,6.74,2.15,36,1.71,21.4,1.114,76,111,34,29,495,4.243393970284373
18,3.03,3.53,23,4.74,38.8,1.013,46,309,62,2,30,2.549330045961824
19,8.57,2.75,105,3.61,28.2,1.165,93,215,72,26,316,3.449558888534336
20,6.86,3.32,60,4.29,37.6,1.276,88,151,42,43,408,6.625219914349294
21,7.9,9.8,37,2.45,31.9,0.679,75,133,24,21,490,3.7564522698180998
22,7.07,5.42,91,1.78,26.2,0.835,44,356,56,48,491,5.411594738487354
23,3.15,4.75,74,3.79,23.1,1.055,38,146,25,32,280,3.80026744082494
24,3.14,9.43,39,4.43,22.2,1.605,93,383,57,17,356,2.9796589540151164
25,4.75,1.2,21,1.16,29.1,1.319,56,77,45,7,76,1.9808019983985399
26,3.67,3.28,108,1.46,24.2,1.175,49,207,23,8,461,2.8423552469611306
27,3.32,3.65,95,2.8,33.6,0.533,65,9,54,45,497,3.5019992345928674
28,4.88,3.64,38,4.08,27.2,0.913,91,228,17,5,211,4.074103956331047
29,6.72,5.33,113,3.31,32.1,0.844,64,361,26,26,101,7.2898866781799585
30,8.54,6.69,69,4.5,36.9,0.711,97,302,78,46,334,4.748737732221573
31,7.61,7.52,74,0.51,35.1,1.31,94,437,7,41,475,4.38145080944253
32,5.54,9.15,29,1.09,38.1,1.387,1,60,39,16,336,3.896043825923447
33,6.01,2.44,68,1.15,22.4,0.546,40,423,40,27,440,4.638168085432006
34,3.71,1.99,89,4.04,24.4,1.326,63,483,40,20,173,2.941473618913805
35,3.08,4.01,94,1.62,20.3,1.453,84,146,31,28,2,2.620393626235846
36,7.19,9.82,40,3.56,32.8,1.314,25,30,45,6,333,5.551857373755801
37,4.32,6.7,17,1.21,35.9,1.29,96,392,26,21,409,2.500987234840808
38,7.79,5.89,92,3.86,24.8,1.525,75,155,18,34,70,5.490207712024911
39,4.13,8.83,83,4.4,26.1,0.668,12,356,83,36,209,3.494121242187617
40,5.63,3.27,14,3.5,24.1,1.092,23,485,100,24,63,3.7268236025399446
41,8.48,8.24,104,1.89,38.4,0.848,4,29,19,8,384,3.723233674567369
42,7.52,9.72,43,4.84,26.6,1.171,4,341,11,9,93,5.3693217526456065
43,8.63,3.61,118,0.88,31.6,1.581,98,158,33,15,485,3.072663088104812
44,7.75,1.54,30,4.16,23.9,1.648,19,265,53,46,185,3.0212571686211707
45,7.73,9.96,55,4.63,38.1,1.792,70,322,63,22,33,4.608946192117127
46,5.05,6.94,19,3.98,26.8,1.732,93,315,61,29,77,3.429497713817065
47,6.86,8.31,57,0.87,32.9,1.914,72,213,91,5,0,4.621206900410476
48,5.11,8.92,120,4.42,22.8,0.514,62,62,3,41,11,4.434868223367806
49,3.68,6.0,118,4.65,25.9,1.45,67,37,27,7,415,3.781881584245325
50,3.76,9.68,45,1.44,27.7,1.945,56,358,47,49,22,2.352048546716337
51,7.16,9.57,91,4.26,22.0,1.704,33,438,80,49,72,5.2095507324254005
52,3.51,1.44,25,1.04,23.2,0.895,14,306,19,14,182,1.8556862057871202
53,7.62,5.91,90,0.97,21.2,1.873,99,375,88,36,131,3.846337930176895
54,7.01,7.31,91,4.9,39.2,1.243,32,483,18,48,410,7.208244990825505
55,7.22,5.2,119,2.97,29.8,1.084,81,275,48,40,193,5.953126324032807
56,6.27,7.82,119,2.94,29.3,0.565,81,230,84,16,55,6.066483134752041
57,5.91,4.58,110,0.55,26.0,1.168,41,401,97,31,148,5.027962409175254
58,7.0,8.18,49,3.26,22.9,1.659,96,102,58,24,18,5.891678712656936
59,5.14,2.81,80,0.59,20.8,0.749,71,54,80,39,204,3.8763447456898334
60,5.94,7.26,47,2.56,31.9,1.27,85,190,78,42,78,6.0818437347613
61,6.46,9.39,111,3.39,20.2,1.065,34,493,34,5,494,6.201165015492278
62,4.53,4.4,49,0.81,32.5,1.668,76,396,40,4,262,3.475236239725289
63,7.67,1.68,85,0.94,21.2,1.11,86,368,35,49,323,3.3148698610993135
64,4.63,5.11,115,4.05,28.8,0.86,8,495,25,28,483,4.573176544945842
65,4.34,3.47,64,1.18,33.1,1.046,7,350,33,44,79,3.635913801356713
66,7.75,2.88,104,4.46,36.1,1.305,34,271,32,14,39,4.418361817136019
67,3.81,1.01,48,3.69,34.0,1.182,98,206,56,33,451,2.376462976475129
68,8.36,9.25,78,3.62,38.6,1.96,48,70,9,3,46,3.710399372675536
69,6.04,7.42,74,3.73,36.9,1.561,1,211,22,34,238,6.477263776028362
70,6.93,5.29,25,1.41,20.6,1.988,99,73,75,45,391,3.9019427129900808
71,6.53,6.95,23,1.53,27.6,1.596,57,221,30,30,352,4.379533033483383
72,6.82,6.39,46,2.87,37.4,1.101,19,208,89,19,341,7.21134089931698
73,8.38,7.49,60,4.19,33.9,0.623,4,144,65,31,277,3.887521464295605
74,8.93,7.67,70,4.1,25.2,0.804,19,170,49,1,290,4.258210071321633
75,8.99,8.46,101,2.07,23.0,0.814,61,267,26,35,317,3.233226054666314
76,3.87,5.09,37,1.64,28.3,0.634,33,91,96,27,304,2.693878765084508
77,6.33,6.86,33,2.78,31.5,1.97,66,292,99,25,268,5.534030823209379
78,3.38,8.07,64,2.81,26.3,1.343,39,482,24,22,69,3.711748862259463
79,7.55,2.33,83,3.16,35.8,1.411,95,171,61,16,455,4.872713910589944
80,4.59,2.48,93,4.56,22.0,1.53,13,5,22,30,465,3.6718034344360895
81,4.18,4.34,12,2.09,26.6,1.49,9,217,74,37,154,2.0250304757207283
82,5.87,6.45,115,2.66,36.6,0.827,89,14,90,25,82,6.32670862456559
83,8.99,2.02,79,4.65,23.3,1.016,92,124,93,34,477,3.14640078277861
84,5.36,5.71,96,2.91,24.3,1.983,79,85,63,4,172,4.942240572327772
85,7.57,7.23,20,1.85,34.4,0.973,34,385,88,17,321,3.500870171993681
86,6.17,5.68,72,2.0,25.2,1.963,51,272,76,28,90,5.691714421882324
87,4.97,3.77,80,3.3,30.5,1.664,70,5,52,19,180,4.579332899039947
88,5.61,7.19,50,2.73,34.1,0.55,42,172,17,2,414,6.090517830958123
89,7.85,4.27,57,0.76,20.5,1.352,63,128,95,10,312,4.338086273386503
90,4.82,4.46,102,4.78,27.8,1.542,53,332,88,39,278,4.282599591372882
91,4.96,2.86,71,2.21,26.9,1.149,3,11,53,22,381,4.112549977852701
92,8.85,2.09,41,3.1,38.6,1.76,59,399,69,45,472,2.172447343057558
93,6.68,1.29,104,5.0,31.3,1.842,30,294,42,39,362,3.773682257352039
94,3.99,1.89,66,2.29,31.6,0.953,20,104,89,41,324,2.8412665174236515
95,5.7,3.02,90,3.68,27.4,1.009,7,419,77,32,431,5.213012339915848
96,5.45,5.77,106,4.44,28.9,1.754,89,224,67,15,347,4.859213053508212
97,5.02,8.66,107,4.15,23.7,0.97,47,84,64,30,86,4.641259684267536
98,5.89,3.11,116,3.21,24.9,1.374,1,408,86,13,75,5.121478649291573
99,5.47,7.21,19,1.69,28.7,0.659,77,34,50,37,438,3.402398355132155
100,6.08,2.14,59,1.83,39.0,0.799,85,367,95,9,15,4.719248513320629
101,5.59,2.63,104,1.86,31.0,1.603,68,220,58,43,249,3.7284567637656085
102,5.67,3.96,11,0.73,25.7,0.582,8,134,33,25,433,3.0999429487399475
103,6.88,4.3,33,3.06,24.7,1.147,67,98,3,41,19,6.28620840380421
104,7.46,1.85,71,1.25,37.9,1.65,48,41,75,27,322,3.4910887480307524
105,7.34,3.67,108,0.7,33.3,1.384,66,226,13,24,332,4.691797674204631
106,7.17,1.63,65,3.77,20.9,1.747,68,328,4,22,56,4.497668024916884
107,4.84,6.6,55,2.69,22.3,1.764,81,321,14,48,301,4.056936767656869
108,7.31,6.52,95,3.6,29.9,1.457,90,462,96,5,229,6.413183135895156
109,6.61,7.89,67,3.46,32.7,1.021,75,450,78,18,331,6.987257916035079
110,5.96,7.61,76,3.99,37.3,1.827,33,410,77,6,132,6.274656872474123
111,4.38,6.88,64,4.8,21.8,1.917,20,194,36,11,137,4.125151810136249
112,4.95,9.02,19,1.99,21.3,1.301,32,151,8,36,423,2.685403445469762
113,7.29,2.52,103,1.79,22.3,1.428,93,256,22,3,335,4.038111313247872
114,4.74,6.73,112,3.74,35.4,0.776,95,212,41,47,25,4.637885854019013
115,8.78,7.38,51,2.13,28.9,1.51,78,160,43,1,464,3.2120283628162527
116,3.98,7.64,34,1.98,30.7,1.865,58,26,28,42,281,2.1930763350938567
117,7.34,5.25,40,3.87,37.1,1.046,71,137,6,27,247,6.175729450507507
118,4.54,7.51,97,4.91,20.7,0.792,66,408,66,4,237,4.257555135843436
119,6.15,9.94,13,3.97,29.4,1.98,57,26,32,15,117,3.8195227468903727
120,5.31,8.97,107,2.67,24.6,1.776,82,418,4,14,42,4.175807182733639
121,6.36,2.27,39,2.17,23.7,1.739,84,223,48,8,220,4.5481839713805545
122,7.55,3.49,94,2.04,32.5,1.993,43,328,75,43,176,3.8373709949482837
123,5.1,8.02,51,3.85,37.7,0.714,61,404,33,3,320,5.0205526053870475
124,6.9,8.53,26,1.95,34.8,0.932,54,321,19,29,153,4.274592459896147
125,4.01,6.79,42,0.78,24.0,1.538,38,198,53,5,231,2.7982897526465322
126,3.47,2.46,117,1.22,29.6,0.518,28,460,67,45,227,2.603732054683327
127,3.2,7.33,114,1.08,29.8,1.287,16,175,15,3,417,3.144285150147151
128,5.26,3.46,78,0.57,31.4,1.246,10,50,60,14,203,4.854584473326397
129,6.48,6.13,99,4.38,28.1,0.638,31,158,30,18,126,7.495960156007078
130,7.23,7.73,67,4.75,30.6,1.342,41,283,14,18,329,6.114849161040116
131,7.15,9.67,87,0.51,24.4,1.661,90,16,12,28,31,4.871390947731319
132,4.56,8.45,53,3.7,21.2,0.663,70,221,93,25,113,4.088423179141555
133,8.64,7.37,17,4.48,31.4,0.526,39,398,44,45,470,2.663784541776481
134,7.92,3.51,24,3.02,25.2,1.37,79,13,87,8,271,3.7202378924579036
135,3.48,7.16,54,1.97,29.2,0.756,88,377,83,31,140,2.664400561358432
136,7.69,2.0,86,4.24,30.0,1.043,6,338,14,8,57,4.686255121918049
137,8.68,6.09,76,2.3,27.9,0.981,93,499,10,20,192,4.51637090295011
138,4.81,6.4,32,1.93,22.2,1.535,2,335,72,27,24,3.2287921941137467
139,7.21,6.47,74,2.6,32.2,1.538,99,53,48,17,17,6.3183977569481256
140,4.07,5.62,24,2.16,26.3,1.693,53,233,1,23,265,2.740088800364576
141,4.65,3.93,38,1.58,36.2,1.815,42,182,14,45,66,3.1217568502144304
142,5.3,2.21,63,3.34,22.6,1.719,98,396,71,5,208,3.956088282167793
143,3.4,2.95,18,4.35,21.5,1.657,28,82,74,0,479,2.1554549454047143
144,3.35,9.92,102,1.56,31.1,0.722,96,421,53,27,94,2.860547402798092
145,3.79,1.53,27,4.34,34.3,1.215,81,318,12,50,253,2.091586651479027
146,4.78,4.59,41,2.92,36.4,0.689,92,447,59,11,266,4.215722557572118
147,3.88,8.63,103,4.4,33.3,1.501,27,126,76,8,23,3.6702081212829984
148,5.17,4.79,62,1.37,21.9,0.888,30,46,87,4,222,4.633869645461926
149,6.69,4.1,26,3.52,32.8,0.587,58,68,60,1,261,5.2309990328626474
150,4.3,4.35,38,3.4,20.5,0.699,34,177,91,19,426,3.3801402330824093
151,5.34,7.75,107,1.87,22.0,1.548,75,262,32,43,5,4.198128844100085
152,4.57,9.46,80,3.9,38.2,1.78,45,286,85,13,116,3.7413242046054256
153,8.42,9.35,62,2.52,20.9,1.714,59,282,75,41,45,3.548822886776685
154,5.55,8.35,66,1.37,31.3,1.642,55,426,0,22,16,4.573388650082347
155,6.23,9.52,76,2.4,22.1,0.781,69,135,61,2,462,6.788185786056375
156,7.02,3.76,89,1.32,34.6,1.768,22,173,97,36,357,4.47959157364923
157,6.81,7.97,92,2.72,27.3,0.618,58,110,73,24,3,6.884659209945046
158,7.82,1.24,88,2.98,26.2,0.598,24,194,8,47,218,3.6186429931782684
159,5.98,5.82,30,0.52,33.5,0.821,81,402,11,9,405,4.763031694155939
160,3.45,9.38,38,2.14,35.5,1.086,35,172,36,3,60,3.01132255158182
161,5.83,5.75,106,2.99,20.8,0.685,55,268,97,34,110,6.026208101437722
162,4.6,4.38,63,1.02,38.8,1.159,63,164,2,25,318,4.493768534236902
163,3.56,8.55,58,4.6,30.3,0.763,1,259,24,35,428,3.3152719405474005
164,6.14,1.46,37,4.14,39.4,1.964,5,196,44,25,29,3.7444514056517693
165,4.48,8.42,100,0.83,30.4,1.023,80,183,27,32,437,3.6567081451308017
166,6.85,8.48,75,2.95,23.2,0.512,57,393,10,19,471,6.6108598875094495
167,8.47,3.36,81,2.78,25.4,1.264,51,15,97,42,26,4.302282044741095
168,6.03,6.83,102,4.07,25.4,1.029,26,416,15,7,7,7.455672560148198
169,6.51,9.64,58,4.13,32.2,1.176,90,410,7,21,453,6.477784556216307
170,3.61,7.21,105,3.49,20.3,1.818,5,153,20,39,108,3.3888728008913485
171,6.97,2.78,117,4.11,25.9,1.826,38,240,64,15,37,4.568708965602081
172,3.72,7.91,47,1.05,39.6,1.125,54,45,95,29,157,3.222069891573443
173,7.13,4.64,38,3.24,27.6,1.814,18,59,35,29,489,5.181382617418887
174,4.1,4.22,91,3.76,28.6,1.852,98,270,38,4,118,3.3867493695451176
175,7.41,5.51,73,2.4,32.5,0.649,33,457,25,38,114,5.9367483243361665
176,7.96,8.7,44,2.43,35.0,1.068,66,256,67,23,175,4.43520262092062
177,5.29,5.43,46,1.35,26.9,1.463,5,251,2,27,373,4.7353442387062445
178,4.16,8.13,91,3.08,37.6,1.572,36,94,18,31,181,3.6274807733583554
179,4.73,4.17,77,2.08,34.6,0.936,3,385,94,22,144,4.216112960963079
180,7.44,6.22,82,1.29,30.2,0.922,2,490,0,22,369,5.559635482866456
181,5.85,9.19,31,4.21,26.4,1.421,17,35,93,32,390,5.106967138935027
182,3.59,6.3,71,3.64,28.4,0.979,13,75,52,16,195,4.21647529063363
183,6.41,1.19,65,0.58,27.9,0.625,97,217,99,39,404,4.275577533125189
184,3.62,7.64,29,1.22,23.3,0.683,75,1,74,20,275,2.6783038279124645
185,6.2,1.26,101,1.63,32.3,1.284,1,253,79,10,454,3.954381435492458
186,8.22,3.79,96,2.44,22.4,0.928,11,387,94,28,141,3.9428628312649185
187,6.94,8.25,28,0.91,36.1,1.865,12,258,51,1,365,4.115148947898955
188,8.02,9.51,115,4.33,33.2,1.887,99,263,13,42,67,3.6564487572864577
189,3.02,5.92,48,4.77,31.8,1.26,78,96,33,38,210,3.4726128204172
190,8.41,2.5,40,1.82,21.6,1.831,50,391,29,3,168,2.2443879095992507
191,8.84,3.74,84,2.19,33.7,1.396,63,394,63,7,493,3.4401776207198553
192,4.78,4.76,113,2.42,30.9,1.744,23,120,49,35,375,3.723954457463386
193,4.19,9.54,65,0.7,28.2,1.333,80,114,10,34,400,3.0970210729598566
194,7.36,7.8,28,0.8,27.1,0.797,21,101,68,33,272,4.192981282576539
195,4.93,9.31,77,0.98,39.8,0.606,19,444,10,40,109,3.83643874216867
196,6.17,8.36,84,1.06,37.6,1.418,13,382,66,6,248,5.609686168408434
197,3.04,5.02,44,2.57,25.1,1.617,69,420,51,40,145,2.7147527136125467
198,4.94,2.57,61,3.96,30.0,1.027,53,166,34,48,92,3.911541431923439
199,4.51,4.5,110,3.21,35.1,1.631,15,404,9,16,152,3.551924921331673
200,6.66,2.73,47,3.42,27.1,1.89,6,66,84,20,367,5.185607972297632
201,4.3,1.12,107,2.47,38.4,1.61,36,11,30,11,467,2.7672206416203733
202,5.14,2.3,13,3.41,39.4,0.673,28,343,55,11,83,2.4996728191907285
203,7.47,1.11,42,3.28,30.4,0.676,20,131,34,2,245,3.6272060508860555
204,3.23,5.15,50,3.14,37.4,1.512,91,139,90,2,165,3.920626249964199
205,7.99,6.83,59,3.07,34.8,0.898,37,105,31,29,163,5.396814246608309
206,6.23,2.62,98,2.24,23.1,1.929,97,300,86,30,199,4.58539308975393
207,7.39,3.07,18,4.59,29.9,0.728,75,430,50,7,228,3.9293905796482385
208,5.72,3.39,94,2.15,38.5,0.558,78,333,8,35,74,5.17054784694555
209,4.44,1.79,24,3.9,35.7,1.443,9,449,65,29,478,2.295513554879845
210,5.25,3.61,37,0.69,31.4,0.836,61,252,78,31,358,3.50904533347219
211,5.41,1.34,46,4.0,33.6,0.959,36,440,14,10,250,4.064204053857305
212,3.28,6.63,78,3.53,21.7,1.399,54,383,16,17,119,3.569674383430262
213,3.12,9.05,98,0.67,25.7,0.852,20,442,59,18,310,3.352071730776568
214,5.22,5.22,25,1.25,33.6,1.251,28,340,45,30,299,3.639143619316582
215,3.57,7.47,59,0.76,32.8,1.782,37,284,95,35,255,2.629383357822722
216,6.84,3.57,40,3.14,37.4,0.641,15,260,16,34,354,6.151560036765003
217,7.33,1.05,41,2.18,30.1,0.925,77,495,46,36,399,3.363364803011234
218,3.43,8.95,14,1.91,24.1,1.904,10,455,19,31,225,1.9972784310694107
219,4.36,5.17,102,2.86,31.9,1.099,74,187,18,47,353,4.3653177525259785
220,3.9,1.82,31,0.99,21.0,1.788,52,474,90,32,234,1.7520757950415753
221,3.53,4.31,96,4.97,24.6,0.729,30,312,54,44,382,3.5161736796821184
222,4.46,5.37,55,2.97,20.3,0.959,65,2,12,43,274,4.867640105317882
223,3.54,5.31,75,3.59,33.1,1.004,100,334,32,18,36,4.406571462707147
224,3.95,6.77,89,1.64,21.7,0.731,27,244,43,19,196,3.2082409551629967
225,3.84,6.6,86,2.08,20.6,0.87,46,57,4,5,139,4.181166691281213
226,4.89,3.0,49,0.56,31.1,1.938,91,112,78,12,364,2.80964995083473
227,5.56,1.76,113,1.62,37.7,1.154,35,17,55,47,244,3.905427406044284
228,8.88,2.57,66,1.05,31.7,1.107,42,319,98,6,439,2.955857402842035
229,8.37,7.28,99,2.64,24.9,1.436,29,36,82,21,286,4.317714902478344
230,7.48,7.77,79,1.7,27.6,1.564,87,90,61,7,59,4.640298919445694
231,8.9,1.71,11,4.73,20.5,0.747,56,330,72,23,111,1.997552468826921
232,4.26,6.72,46,2.25,39.1,0.666,0,124,83,7,89,3.770267201389999
233,8.15,4.08,80,1.38,39.2,0.963,26,127,69,21,436,3.93638650479861
234,3.94,4.95,100,3.51,39.5,1.74,11,255,84,39,6,3.3060477824552708
235,6.19,9.15,28,3.38,34.5,0.59,77,345,37,38,360,5.12269799998575
236,6.1,4.66,84,2.52,32.1,0.865,81,72,41,48,346,7.312050426048075
237,3.05,8.9,69,2.27,35.4,1.896,99,72,22,9,338,2.919555338607597
238,6.89,3.14,110,4.64,28.5,0.878,89,189,31,27,158,5.6851931347109055
239,3.82,9.46,29,4.86,28.0,0.555,41,213,40,21,150,3.162163049735704
240,6.05,5.4,103,3.37,21.7,1.265,60,116,62,50,177,6.766092092501235
241,4.71,6.36,79,4.3,29.3,1.381,94,298,8,31,393,4.770610028028891
242,3.21,5.63,109,4.57,39.7,1.466,59,434,75,24,184,3.3660138903698718
243,8.43,4.56,15,4.04,21.8,1.446,55,137,50,41,449,3.066373411611449
244,5.79,4.23,19,1.76,33.3,1.337,30,101,49,19,10,4.065865786599804
245,4.7,8.58,58,2.5,37.9,0.741,19,286,99,20,380,4.420678641223652
246,4.44,1.51,21,2.76,22.5,1.075,43,150,71,27,103,2.4229827198928784
247,5.52,8.78,70,1.34,25.5,0.946,15,204,82,47,81,4.6696134264080404
248,6.13,7.93,117,3.03,27.0,1.163,11,314,46,45,38,6.044298078677236
249,8.79,1.32,120,2.71,38.2,1.18,29,351,54,28,314,2.938373337034781
250,8.5,4.41,27,1.36,39.2,0.993,71,156,85,5,167,3.2095377688356814
251,8.62,8.64,29,3.65,24.5,0.821,72,412,20,14,469,3.341573362355324
252,5.93,3.24,34,3.92,24.8,0.824,92,374,82,46,296,5.172798197949684
253,8.1,2.68,67,3.92,32.4,1.528,38,452,59,44,474,4.2444672777340156
254,3.36,5.49,62,3.94,39.4,1.809,59,162,76,40,198,3.3031146760776378
255,8.0,5.13,13,0.65,39.3,1.409,86,273,85,48,297,2.8375246993827865
256,6.77,3.55,93,2.58,33.4,0.848,22,337,88,8,416,6.445734359295203
257,5.04,7.44,15,1.07,24.5,1.122,69,463,77,48,146,2.611316596627787
258,8.3,2.41,42,2.83,30.7,1.116,26,400,48,20,392,3.334504194806687
259,8.32,6.19,70,2.01,25.9,1.208,8,90,52,40,147,4.604246091399205
260,6.95,8.27,52,3.98,29.0,1.155,61,486,43,38,447,6.198966827832893
261,8.89,5.58,101,3.49,31.5,1.727,77,39,45,33,287,3.92130583935038
262,5.38,5.97,35,4.79,20.7,0.744,17,413,5,43,123,4.927335035960349
263,6.1,7.01,16,1.0,39.7,0.94,39,31,21,48,368,4.582175534418484
264,7.45,4.16,47,4.27,21.2,0.571,76,377,89,39,96,4.653093648233898
265,7.03,1.92,60,1.42,39.5,1.994,23,430,26,2,143,3.7506381232917243
266,5.32,1.17,32,4.58,36.9,1.349,82,362,96,37,239,3.2263144296538604
267,4.28,2.36,33,3.84,28.7,0.879,90,111,60,24,442,2.8475320583853643
268,8.13,8.5,103,1.01,37.3,1.591,77,496,88,21,97,3.3135707950626436
269,6.55,3.56,50,1.81,28.1,1.416,11,20,11,49,407,5.488601462421914
270,6.58,7.58,82,4.94,25.6,0.905,80,454,57,28,122,7.381017365922171
271,8.34,9.32,81,3.26,35.7,1.141,73,306,51,10,183,4.990546097577204
272,7.57,8.17,24,3.83,31.0,1.19,65,3,94,32,202,4.1325239808865994
273,4.24,1.96,86,3.05,32.0,1.221,17,336,91,4,246,3.1794716153825515
274,6.78,9.41,112,1.59,26.5,1.185,90,474,64,41,305,4.74420238666615
275,5.77,1.36,110,4.21,28.3,0.576,80,48,82,0,298,4.3353414296566335
276,7.64,4.51,85,4.5,35.9,1.971,82,25,65,37,351,4.967054721464225
277,8.49,8.51,113,3.71,34.4,0.914,10,66,68,43,386,3.906608953713591
278,7.5,5.77,30,2.12,34.1,1.249,92,29,84,1,395,4.981377631692897
279,4.43,7.08,22,4.67,24.1,1.053,40,215,84,37,284,3.216797660398828
280,7.95,9.21,44,1.19,30.9,0.891,33,373,36,39,125,3.881169689093665
281,6.8,7.06,30,0.68,33.5,1.132,13,6,9,12,302,5.587575652575757
282,4.67,8.31,18,4.88,34.6,1.318,58,247,92,11,223,3.3256270229722786
283,7.73,6.75,82,4.72,25.8,1.218,23,265,42,26,418,5.503494532091918
284,5.58,9.29,54,3.28,29.7,1.545,49,415,81,49,219,4.79953669851885
285,8.77,2.72,95,2.05,35.3,0.816,57,130,79,35,129,2.894734750556279
286,5.92,3.4,75,3.73,26.5,0.631,54,419,21,36,420,5.753964652900353
287,4.57,2.23,106,4.24,34.0,0.594,48,181,87,14,289,3.400540791645521
288,8.66,6.18,73,3.53,26.8,1.75,39,108,89,47,444,3.699976066807565
289,6.76,1.88,109,0.96,27.3,1.953,16,308,2,31,376,3.594174762229897
290,4.92,6.56,108,0.66,21.0,0.811,3,296,47,44,291,3.7548485612604665
291,6.0,2.12,98,2.74,20.1,0.785,52,233,11,23,355,5.521255275912744
292,8.1,6.02,115,1.19,28.8,1.304,64,78,73,40,294,3.7706290312762407
293,7.28,7.99,54,1.3,24.2,1.192,44,428,55,32,396,5.397678459672811
294,6.0,4.19,42,4.54,26.9,0.574,42,443,45,49,340,5.811043502063071
295,7.24,3.73,108,4.82,39.0,0.721,12,61,58,42,112,5.372650300488148
296,7.78,1.15,56,0.79,26.4,0.918,54,279,72,13,179,3.2856471177552025
297,8.15,5.07,49,4.92,29.1,1.557,21,463,93,11,307,4.680444862987668
298,5.2,6.21,21,2.91,38.9,1.947,50,263,47,13,432,3.2538146550387683
299,7.86,7.56,63,1.41,20.1,1.258,6,365,80,4,487,4.464111068701602
300,3.31,8.85,117,4.37,29.4,1.495,47,324,66,24,481,3.521473040616596
301,4.07,2.19,16,2.6,20.4,1.504,74,441,23,33,422,1.9002898306632832
302,7.81,7.14,104,2.55,28.6,1.881,23,98,9,38,233,4.404073581718515
303,3.26,2.93,49,1.52,37.8,0.53,53,433,31,37,311,2.4402795564517046
304,3.41,4.14,116,2.32,36.6,1.718,87,380,44,16,164,2.9917137790068593
305,8.07,4.73,54,1.54,34.9,0.776,89,39,20,42,136,4.548204822873331
306,7.05,1.59,61,3.58,39.8,1.212,50,80,16,5,197,5.556898554514812
307,6.29,1.39,56,0.82,38.5,0.856,82,179,73,33,258,4.85559003911579
308,6.3,3.29,95,1.68,37.8,1.128,12,148,45,38,232,5.489698845955207
309,4.63,7.41,52,3.23,30.5,1.675,8,243,10,6,115,4.338733013900764
310,7.09,2.96,116,3.33,22.5,1.474,31,425,89,30,120,4.8387116913243435
311,5.87,1.73,73,4.81,31.7,1.077,64,185,98,2,349,5.458267402783762
312,3.19,1.61,13,1.45,32.3,1.228,44,187,27,17,224,1.7021200652161936
313,5.01,5.55,76,1.94,23.3,1.469,25,278,40,1,402,4.599160266167554
314,7.89,3.1,15,2.53,38.7,1.626,15,87,95,18,397,2.862734236401693
315,4.72,4.87,116,2.35,23.9,0.885,51,317,41,38,127,3.9472165686506364
316,8.12,8.41,36,4.57,33.8,1.678,6,366,100,32,285,3.6722377522688774
317,8.54,4.89,111,1.11,23.6,1.911,22,80,64,7,411,3.0255804851142742
318,3.68,6.43,100,3.69,22.9,1.254,18,471,78,42,107,3.880689452982402
319,6.2,8.76,24,4.98,28.0,0.545,95,118,23,10,370,5.045668321999495
320,6.36,5.04,16,2.3,27.3,1.486,100,445,1,3,325,4.616756755323406
321,3.3,1.28,102,0.85,24.4,1.234,40,33,90,21,133,2.380994341741872
322,3.8,7.13,53,4.47,35.9,1.978,30,181,67,33,452,3.228511257575654
323,6.34,1.74,13,2.31,24.9,0.505,5,167,69,15,44,3.492955522063342
324,4.31,4.92,48,0.61,27.5,1.061,31,380,74,11,460,3.5888495350527263
325,3.59,2.32,27,2.67,38.0,1.483,27,250,51,42,65,2.3694786726164936
326,7.82,7.35,109,4.54,23.1,1.082,76,71,99,12,283,5.098520816080722
327,7.78,9.75,105,1.49,27.2,0.646,53,198,7,1,85,3.490489110199719
328,4.0,5.24,87,0.63,34.5,1.33,27,253,28,49,242,3.6352871699383984
329,4.16,5.72,93,1.85,27.2,0.553,22,109,1,15,186,3.866155299500606
330,5.82,6.05,35,1.74,21.9,1.355,86,308,76,21,383,4.598368698796942
331,5.5,7.85,92,4.89,39.5,1.232,83,209,3,26,159,6.302416081776765
332,3.16,6.17,51,2.69,27.8,0.602,2,304,54,11,12,3.255058221813078
333,5.09,1.06,60,3.09,26.8,1.436,73,454,83,22,35,3.4620789559248415
334,3.73,3.08,60,3.3,27.0,1.846,71,393,23,32,28,2.781814899941312
335,6.55,9.06,41,4.12,37.8,1.644,85,10,51,45,170,5.985788517806051
336,7.84,4.49,67,3.62,23.6,1.309,20,354,12,25,142,5.737402590789184
337,4.23,9.8,64,4.93,38.5,1.612,22,133,28,35,398,4.216436661948146
338,3.17,2.67,81,2.82,30.6,1.804,29,371,24,26,342,2.8536245804831193
339,3.12,1.41,73,0.92,29.5,1.614,71,344,8,6,221,2.1799133486878945
340,5.73,3.91,77,4.7,26.1,1.592,29,154,46,0,95,5.97898427102888
341,6.6,4.1,16,4.22,33.2,1.571,92,131,20,44,51,5.308866191425585
342,7.18,9.71,111,2.54,29.8,1.723,2,200,57,28,240,4.830459673054837
343,7.61,9.37,55,3.0,22.7,1.479,32,35,22,13,484,4.566420437343055
344,5.8,9.9,25,3.75,32.2,1.671,25,370,1,28,378,4.605427883063873
345,6.7,2.08,75,3.88,30.7,1.69,67,196,80,18,178,5.736222068302856
346,8.45,1.35,27,4.29,36.2,1.506,31,58,57,13,41,2.645502656443428
347,8.05,6.66,39,3.15,21.9,0.911,64,244,28,14,498,4.928030166166787
348,4.26,9.63,19,2.13,32.6,0.517,16,487,73,15,421,2.567925693410483
349,8.67,4.25,112,2.02,27.7,1.908,36,316,13,18,206,2.6038621186728665
350,8.01,2.78,44,0.6,29.2,1.71,4,499,22,47,282,2.796613906075766
351,4.99,6.34,25,4.53,32.1,1.902,28,488,17,12,254,3.548558455188255
352,3.84,3.44,119,1.91,26.6,1.377,89,165,62,25,412,2.704541932549856
353,5.39,1.13,66,1.89,24.8,0.839,42,56,58,17,4,3.5499653689933948
354,4.8,6.08,86,1.61,38.3,1.016,60,346,86,43,256,4.014550289975152
355,7.06,2.45,11,0.97,30.3,0.76,87,83,5,5,448,2.9473289101281757
356,7.08,4.04,55,2.57,25.0,1.806,56,14,62,32,100,5.292702448037826
357,8.82,5.18,20,1.58,28.6,1.44,28,426,4,44,226,2.4570604247868073
358,3.09,8.59,107,2.79,23.9,1.401,68,289,98,10,429,3.440926528919539
359,8.97,9.88,32,0.59,32.6,1.194,5,230,63,25,213,2.5672636948787866
360,4.85,1.22,36,4.67,22.3,1.955,86,55,6,23,171,2.4554920663722206
361,8.8,3.16,53,3.37,21.4,0.692,25,42,1,20,98,3.595319513392241
362,8.62,1.91,53,4.7,35.6,1.389,3,291,39,28,292,3.216880423213681
363,8.6,5.48,69,4.23,30.8,1.926,65,472,52,33,215,4.07292007528166
364,6.32,5.06,59,4.51,25.0,1.032,57,120,70,20,61,6.748663447351247
365,5.11,6.49,80,2.11,33.8,1.43,62,118,100,44,47,4.4532150837360245
366,4.41,8.75,107,3.55,33.4,0.83,44,65,55,26,32,4.173761762049852
367,7.66,7.91,15,0.75,26.2,1.135,96,247,29,8,267,3.6109837643269804
368,6.28,5.69,42,0.62,22.7,0.59,47,174,54,21,327,5.908462173697905
369,5.66,2.18,56,2.37,34.4,1.922,84,63,16,37,200,4.2882655893149835
370,3.85,9.86,56,2.02,22.1,1.325,88,92,69,49,446,2.7858895557117154
371,5.23,1.09,43,2.07,29.7,1.856,14,258,92,30,27,2.4358149101164375
372,8.95,5.39,22,2.7,34.2,1.797,3,203,28,41,424,2.565012379277935
373,3.06,7.72,109,2.22,38.7,0.987,72,313,8,46,230,3.2071651528773883
374,8.45,8.71,20,4.72,26.7,1.271,87,209,72,17,260,3.0542270486266774
375,8.06,2.71,10,4.45,32.7,0.989,62,19,37,29,288,2.494383441629117
376,4.35,9.07,34,2.48,28.8,1.682,49,166,98,41,162,2.822209651481433
377,5.41,5.46,66,1.51,34.7,1.839,69,184,43,10,425,4.471501558007657
378,5.19,8.03,35,2.84,33.1,1.924,91,467,63,38,138,3.678950304437949
379,6.73,4.12,36,2.21,38.3,1.491,74,459,5,16,62,5.03826871409453
380,8.16,7.55,79,1.46,37.3,1.104,51,144,59,35,135,4.487807479498176
381,8.87,5.8,57,0.86,35.2,0.654,25,298,99,42,128,3.6613897701873754
382,3.31,6.14,15,3.44,35.2,1.759,74,89,97,10,476,2.461188793971138
383,7.31,6.9,35,4.06,30.1,0.509,50,269,91,3,8,5.239013831217481
384,3.22,1.64,31,1.55,25.6,1.588,25,288,57,38,326,1.6447153055215091
385,3.9,8.04,45,4.01,30.8,0.787,94,44,17,18,463,3.2984214730657264
386,6.62,4.7,62,4.61,25.5,1.359,60,311,21,2,64,7.001950489456413
387,8.24,2.26,34,0.54,33.9,0.616,92,466,61,22,300,2.4187725372367335
388,4.04,4.83,82,2.36,34.0,1.294,83,452,81,18,14,4.2561364138336275
389,4.67,7.82,37,4.27,21.5,1.205,8,471,38,8,156,4.044643407040823
390,5.9,8.33,111,1.12,23.0,1.752,36,348,15,40,40,4.2087549362532375
391,5.16,4.85,97,1.12,38.6,1.821,83,477,24,0,379,3.9553340860498256
392,7.65,1.02,116,2.04,23.8,1.279,46,468,38,12,468,3.0227753899675553
393,6.49,9.48,94,1.8,35.6,1.455,39,50,87,34,403,5.153129326111948
394,3.34,4.63,88,3.43,23.5,0.614,82,304,84,6,216,3.4956317081482933
395,6.76,5.83,17,4.89,20.1,1.685,17,358,77,7,279,4.617863415287251
396,8.31,6.98,114,4.69,34.8,1.235,73,459,93,29,434,4.337292749535455
397,8.94,5.95,106,1.03,29.2,0.563,12,372,35,2,430,3.690734502387745
398,4.08,5.53,50,4.18,39.9,0.717,46,489,33,17,337,4.142685950792803
399,8.71,7.45,11,0.89,30.6,1.802,45,350,43,35,236,1.9948767329222932
400,5.0,2.54,110,3.05,28.4,1.601,37,493,19,9,207,3.6163717796510957
401,4.61,9.24,58,1.5,36.4,1.297,69,342,44,9,212,3.4634783313142408
402,8.52,5.01,23,3.95,40.0,0.79,19,476,59,6,295,3.381000256661193
403,3.77,6.65,90,4.16,34.9,1.62,45,456,49,12,457,3.428620620481848
404,3.49,8.6,44,0.53,25.7,1.837,59,405,92,7,251,2.607001943033663
405,8.59,8.8,23,3.19,22.6,1.238,24,226,21,36,488,3.0387286322274605
406,5.16,8.39,64,3.65,35.5,1.361,39,128,49,26,486,5.713852859492169
407,3.62,3.2,31,1.76,36.0,1.932,27,378,4,23,303,2.1310760787424763
408,7.38,7.7,88,3.81,24.6,1.999,15,399,34,46,350,4.859893261675195
409,5.71,4.0,11,2.5,36.6,1.364,43,497,42,19,269,3.6874865442409615
410,5.07,5.27,52,1.14,36.1,0.694,41,100,13,29,201,4.467269342724483
411,4.15,7.11,96,0.64,33.0,1.414,48,277,13,23,161,3.5057020478978207
412,6.44,9.12,97,1.84,25.8,0.997,97,188,96,20,43,5.289964146474713
413,5.48,4.05,61,4.08,20.0,1.347,1,293,3,19,217,5.839146441647783
414,3.92,3.35,71,1.57,21.5,0.535,83,324,60,13,401,2.7452065850499743
415,7.26,3.87,51,4.87,23.7,1.205,50,68,41,45,190,6.019493848403833
416,5.75,9.59,48,2.61,29.1,1.556,22,352,64,1,309,4.678973062754518
417,8.22,3.7,118,3.8,20.9,0.661,94,349,50,8,259,3.8417161180425965
418,8.2,3.42,33,4.76,38.0,1.86,83,283,20,12,105,3.1071930392004883
419,6.66,4.45,77,3.89,38.9,1.197,47,248,37,3,53,7.332531069738242
420,8.72,9.0,114,1.51,36.7,1.698,55,200,36,19,389,3.0804974973906267
421,8.25,5.59,98,4.79,35.6,1.577,52,123,5,9,1,5.001858447097901
422,4.86,5.86,101,3.67,36.5,0.502,74,327,66,30,441,4.685120308211451
423,3.66,6.26,12,0.8,37.0,0.934,85,224,5,15,482,2.113518822474587
424,4.49,3.83,45,1.39,24.3,1.336,14,45,30,44,49,3.207498765332358
425,8.73,3.85,97,1.66,29.6,1.499,67,470,18,33,419,2.8976101190872723
426,7.42,7.95,114,2.62,35.3,1.469,11,433,30,4,80,5.175677477081842
427,7.97,8.82,59,0.95,29.5,1.701,35,42,63,27,205,3.850553380269554
428,5.36,7.03,85,3.44,36.8,1.901,9,27,92,12,34,5.424618962718097
429,8.29,1.48,72,1.97,24.6,0.985,79,193,9,49,263,2.9930807502052708
430,7.12,4.94,27,3.57,31.8,0.58,26,241,86,38,427,5.213303671795069
431,5.35,9.56,14,4.68,32.4,0.695,46,20,77,46,366,3.4266578825915723
432,6.07,8.2,68,4.86,39.8,0.974,99,77,49,20,91,7.65543597294781
433,4.1,8.68,83,3.71,33.6,1.037,14,238,27,0,339,4.067125149599311
434,8.57,7.6,87,2.37,24.0,0.705,94,450,46,26,473,4.24365597957703
435,7.69,2.92,17,2.33,38.0,1.685,59,300,29,33,52,2.489647760701192
436,8.53,4.8,22,3.55,39.6,1.95,87,339,37,31,345,2.6151125412418463
437,3.55,2.03,118,4.2,30.0,1.796,7,121,94,50,264,2.9400224753297204
438,6.99,9.97,89,3.47,29.0,0.901,16,169,70,23,241,6.0246885674149455
439,8.34,2.1,84,1.1,20.4,1.574,37,192,47,19,13,2.7537062725664567
440,6.43,1.5,101,0.9,35.0,1.654,7,390,69,16,315,3.761323564806039
441,3.7,5.96,26,2.86,37.2,0.767,21,8,46,36,88,3.277914415835707
442,4.21,1.57,105,1.78,38.9,1.425,97,423,85,37,387,2.415313660782707
443,5.68,5.87,114,1.29,32.7,0.736,64,437,70,2,273,4.359876097629195
444,6.63,8.87,94,0.88,21.1,1.857,4,117,41,17,166,5.099668241647638
445,8.76,3.82,95,3.11,27.4,1.99,49,245,94,1,328,3.087015725480747
446,7.71,8.97,46,2.23,21.0,1.0,37,431,67,36,492,3.9449937437142975
447,6.52,2.83,71,4.95,37.2,0.868,38,406,80,34,134,6.596465168616776
448,3.96,4.96,73,4.32,26.4,1.884,72,22,35,26,306,3.768979124130544
449,8.95,9.61,88,2.2,36.5,0.568,47,273,81,23,480,3.792548334566819
450,4.05,3.88,31,3.25,25.1,1.138,79,302,6,6,319,3.281689538025007
451,6.5,5.56,12,4.41,33.0,1.774,13,161,15,41,243,4.746182672168732
452,8.9,1.8,85,4.99,28.1,1.003,70,2,16,17,54,2.96090820008935
453,8.28,8.92,17,2.75,28.4,0.883,84,289,53,34,363,3.0382773014829896
454,5.97,6.49,43,1.23,23.6,0.755,96,293,27,39,50,4.630230781027127
455,5.6,4.44,86,4.36,25.3,1.696,41,237,39,46,456,5.220691362447458
456,7.6,1.83,52,2.34,29.5,0.522,30,240,76,46,174,3.746178372775365
457,3.26,2.38,76,2.41,27.9,0.948,32,88,36,37,445,2.831451850638376
458,5.53,6.55,118,3.16,33.8,1.708,33,97,7,22,189,4.998519849735776
459,5.45,6.81,99,0.91,39.3,1.519,73,201,69,45,496,4.350491950357876
460,7.39,6.1,69,3.18,39.9,1.049,6,361,81,23,187,6.944232937532151
461,3.93,8.22,87,2.63,21.3,1.849,44,142,82,15,169,3.300138088164805
462,7.11,3.71,22,1.26,27.4,0.95,80,354,65,24,58,3.7189969188730054
463,4.69,2.89,68,2.82,37.0,0.861,78,275,44,4,48,4.635746841452391
464,3.64,3.22,68,4.62,30.2,1.553,66,218,66,48,344,3.269355522791314
465,8.39,6.54,43,3.78,23.8,1.973,72,490,87,16,235,3.5095046821170666
466,6.26,7.68,28,2.88,25.5,1.514,62,104,32,9,252,5.640306622729099
467,6.91,6.32,90,1.75,36.4,0.808,69,330,29,10,21,6.352673590617523
468,3.25,8.09,12,4.02,26.2,0.968,78,180,68,43,313,2.6285672786567433
469,5.74,3.04,84,0.71,36.2,1.834,52,314,56,48,459,3.7535191170812108
470,7.94,1.7,112,3.34,37.1,0.738,67,232,37,30,160,3.559470646730082
471,5.27,9.12,83,1.48,30.9,0.541,78,23,38,12,276,3.516027150887995
472,5.64,3.95,93,4.96,34.5,1.369,49,389,71,24,443,5.683497795732645
473,7.91,7.09,100,3.46,37.5,0.628,55,94,86,12,191,4.744095084219386
474,8.26,8.09,63,0.72,25.1,0.701,9,203,17,39,385,3.9443253750577583
475,6.97,4.99,68,1.94,31.1,0.874,13,464,95,14,293,6.004623381741354
476,7.27,2.85,40,1.67,36.8,1.636,56,147,24,14,413,4.0400148521199055
477,8.69,8.15,79,3.02,37.7,1.633,70,325,25,43,343,3.6861281562602537
478,5.05,9.85,72,2.89,40.0,1.283,84,235,73,37,257,4.758363487187615
479,6.4,6.97,70,1.73,35.8,1.935,18,435,56,25,308,4.7263223350940375
480,3.5,9.28,117,1.27,38.2,1.09,88,139,70,9,149,3.085452514315117
481,4.38,3.99,51,3.94,31.3,1.735,15,52,79,6,130,3.8680935277476554
482,4.9,3.18,57,3.19,22.8,1.064,95,466,39,40,151,4.315111138471283
483,6.11,6.29,18,2.28,35.1,1.895,10,427,79,47,359,4.097606315728192
484,6.38,4.72,26,1.28,25.3,0.906,35,364,81,10,99,4.736634225770373
485,5.82,8.12,39,2.64,39.1,1.405,21,412,28,50,372,4.853956696504871
486,8.75,6.92,48,1.43,23.5,1.392,43,76,4,47,87,3.249238970342647
487,6.57,4.53,119,0.84,36.6,0.608,51,415,38,35,458,5.163978634781529
488,6.45,4.29,78,3.36,34.3,1.875,40,238,59,30,330,6.943798597513277
489,8.09,6.37,56,2.94,26.0,1.784,89,142,15,14,214,4.6576858983674185
490,3.4,2.6,20,3.07,36.8,1.039,49,141,11,31,466,2.4623372192813
491,3.43,7.29,61,2.45,31.2,1.095,16,448,61,33,121,3.587555290120277
492,8.82,5.36,62,4.46,22.6,1.584,10,234,71,13,499,4.080460486255554
493,5.62,6.27,29,3.81,20.7,0.771,35,58,29,34,20,5.275619971570931
494,4.83,2.39,14,1.33,32.9,1.637,65,153,82,40,188,2.1041554840273715
495,8.19,6.04,22,1.9,21.6,1.878,31,162,56,11,71,2.9558869949997373
496,5.47,3.18,111,4.83,34.9,0.943,24,114,70,4,106,5.357762888166373
497,6.24,7.87,82,1.15,32.0,1.523,24,107,86,50,270,5.467168282403504
498,5.78,9.78,21,1.32,23.4,1.624,65,296,57,3,348,3.1386322364727635
499,8.03,1.66,99,3.84,34.0,0.765,48,480,3,44,435,3.3814432015371074
500,7.51,7.02,33,2.75,28.5,1.725,61,376,55,16,102,4.072096695478875
