Run,pH,C0,Time,Dose,Temp,Flow,Chloride,Hardness,Carbonate,NOM,Order,q_removal,q_predicted,residual
1,4.39,2.65,87,2.48,34.2,0.709,0,49,7,11,361,3.623446868054246,3.9136492173240978,-0.29020234926985156
2,4.12,2.99,97,4.1,35.7,0.651,63,280,1,15,73,3.5492214867599454,4.245846442370542,-0.6966249556105968
3,8.17,4.68,92,1.72,36.0,0.537,18,23,40,24,374,4.217409017927312,4.3871703799956006,-0.1697613620682885
4,4.5,1.41,72,4.37,22.7,1.869,88,479,25,36,155,2.8202409974140803,2.9319911041219475,-0.11175010670786722
5,4.46,9.21,81,3.32,30.1,1.2,85,369,35,47,104,4.3983079427808,4.760579345800444,-0.3622714030196441
6,4.03,3.34,89,0.74,27.7,1.941,68,82,47,46,394,2.4748401554147397,2.544194058930688,-0.06935390351594828
7,6.64,9.09,70,4.31,35.2,1.477,60,360,6,40,377,7.100938204374068,5.923199597783653,1.177738606590415
8,3.11,4.61,10,3.22,28.9,1.12,8,340,68,46,124,2.4078299069635767,1.2905697766322444,1.1172601303313323
9,7.88,4.86,53,2.26,20.2,1.073,45,442,18,13,68,4.6445431558399095,4.836744034551066,-0.19220087871115688
10,5.22,9.98,99,1.68,31.2,1.77,40,478,91,13,450,3.492750851788246,4.251876027966904,-0.7591251761786575
11,7.52,9.74,35,3.12,23.0,1.142,7,177,92,49,9,4.468955887527139,4.107990261227652,0.36096562629948714
12,4.21,8.74,20,3.0,36.3,0.638,95,491,97,44,194,3.060710587420814,2.7759272985114727,0.28478328890934135
13,5.43,5.65,78,1.17,23.4,0.802,58,281,50,9,406,4.978355132591977,5.434179953812029,-0.45582482122005175
14,3.75,1.94,32,2.38,31.7,1.226,61,481,66,1,84,2.3778985902143757,2.2559347930773135,0.12196379713706218
15,3.01,2.05,65,4.52,37.1,0.604,17,229,2,26,371,3.1199048420061306,2.163061241433522,0.9568436005726086
16,6.39,2.28,45,2.9,30.4,1.566,45,387,72,42,388,5.20907518553024,4.390876543943541,0.8181986415866991
17,6.74,2.15,36,1.71,21.4,1.114,76,111,34,29,495,4.324299876130083,3.9171968236165613,0.40710305251352175
18,3.03,3.53,23,4.74,38.8,1.013,46,309,62,2,30,2.656047889404737,1.7601197728295457,0.8959281165751913
19,8.57,2.75,105,3.61,28.2,1.165,93,215,72,26,316,3.3113241744867907,3.8388292608442955,-0.5275050863575048
20,6.86,3.32,60,4.29,37.6,1.276,88,151,42,43,408,6.834307521989777,5.739282011473504,1.0950255105162725
21,7.9,9.8,37,2.45,31.9,0.679,75,133,24,21,490,3.9348776435356534,4.24310024003797,-0.30822259650231665
22,7.07,5.42,91,1.78,26.2,0.835,44,356,56,48,491,5.654413309032204,5.5361035514956765,0.11830975753652773
23,3.15,4.75,74,3.79,23.1,1.055,38,146,25,32,280,3.6611326777880024,3.1715494064772667,0.48958327131073576
24,3.14,9.43,39,4.43,22.2,1.605,93,383,57,17,356,2.6090653544414986,1.9614281869609544,0.6476371674805441
25,4.75,1.2,21,1.16,29.1,1.319,56,77,45,7,76,1.7124196938724636,2.4977024423787704,-0.7852827485063067
26,3.67,3.28,108,1.46,24.2,1.175,49,207,23,8,461,2.685071532745665,2.934514138565823,-0.24944260582015776
27,3.32,3.65,95,2.8,33.6,0.533,65,9,54,45,497,3.6197768822113616,2.811667915756923,0.8081089664544385
28,4.88,3.64,38,4.08,27.2,0.913,91,228,17,5,211,4.246279071764219,4.876341987408813,-0.6300629156445945
29,6.72,5.33,113,3.31,32.1,0.844,64,361,26,26,101,7.014086917438377,5.832627185094659,1.1814597323437175
30,8.54,6.69,69,4.5,36.9,0.711,97,302,78,46,334,4.868953454120923,5.130387939005379,-0.26143448488445564
31,7.61,7.52,74,0.51,35.1,1.31,94,437,7,41,475,4.812390712137683,4.524810332148832,0.28758037998885033
32,5.54,9.15,29,1.09,38.1,1.387,1,60,39,16,336,4.07328611491838,3.8928742690922133,0.18041184582616676
33,6.01,2.44,68,1.15,22.4,0.546,40,423,40,27,440,4.83413567532968,4.597503006644836,0.23663266868484367
34,3.71,1.99,89,4.04,24.4,1.326,63,483,40,20,173,2.738737541414683,3.1301885180405127,-0.39145097662582984
35,3.08,4.01,94,1.62,20.3,1.453,84,146,31,28,2,2.5240109285670087,2.0979650424867042,0.42604588608030447
36,7.19,9.82,40,3.56,32.8,1.314,25,30,45,6,333,5.53781298225823,4.959630686740098,0.5781822955181317
37,4.32,6.7,17,1.21,35.9,1.29,96,392,26,21,409,2.3954521983861756,3.1241915315241306,-0.728739333137955
38,7.79,5.89,92,3.86,24.8,1.525,75,155,18,34,70,5.675327104081186,5.379691445441907,0.295635658639279
39,4.13,8.83,83,4.4,26.1,0.668,12,356,83,36,209,3.753426551456024,4.350472414955922,-0.5970458634998979
40,5.63,3.27,14,3.5,24.1,1.092,23,485,100,24,63,3.7610450198555503,3.646048060578738,0.1149969592768123
41,8.48,8.24,104,1.89,38.4,0.848,4,29,19,8,384,3.582893659841653,3.9823774455467946,-0.3994837857051414
42,7.52,9.72,43,4.84,26.6,1.171,4,341,11,9,93,4.778055201925565,5.044039531953888,-0.26598433002832245
43,8.63,3.61,118,0.88,31.6,1.581,98,158,33,15,485,3.0156079197242147,2.5081737311666235,0.5074341885575913
44,7.75,1.54,30,4.16,23.9,1.648,19,265,53,46,185,2.813087754328419,3.3037777551929386,-0.4906900008645194
45,7.73,9.96,55,4.63,38.1,1.792,70,322,63,22,33,4.4757787403982325,4.686866544929732,-0.21108780453149922
46,5.05,6.94,19,3.98,26.8,1.732,93,315,61,29,77,3.3338626046919244,3.930693287325576,-0.5968306826336516
47,6.86,8.31,57,0.87,32.9,1.914,72,213,91,5,0,5.288827093793425,4.641401141170081,0.6474259526233439
48,5.11,8.92,120,4.42,22.8,0.514,62,62,3,41,11,4.158368164096764,4.456081055175305,-0.2977128910785414
49,3.68,6.0,118,4.65,25.9,1.45,67,37,27,7,415,3.303088449179019,3.4671497083656346,-0.16406125918661552
50,3.76,9.68,45,1.44,27.7,1.945,56,358,47,49,22,2.3878031498850034,2.0355792500203598,0.35222389986464364
51,7.16,9.57,91,4.26,22.0,1.704,33,438,80,49,72,4.808821957343922,5.1417748250622495,-0.3329528677183271
52,3.51,1.44,25,1.04,23.2,0.895,14,306,19,14,182,1.8550952454365264,1.3631439932841292,0.4919512521523972
53,7.62,5.91,90,0.97,21.2,1.873,99,375,88,36,131,4.087807950167639,3.9820768903083303,0.10573105985930908
54,7.01,7.31,91,4.9,39.2,1.243,32,483,18,48,410,6.35188549646047,6.263127544926961,0.08875795153350907
55,7.22,5.2,119,2.97,29.8,1.084,81,275,48,40,193,6.2343251871373,5.317145443393457,0.9171797437438434
56,6.27,7.82,119,2.94,29.3,0.565,81,230,84,16,55,5.862833139231767,5.59817014359459,0.26466299563717666
57,5.91,4.58,110,0.55,26.0,1.168,41,401,97,31,148,4.76834784362096,4.91984114364942,-0.15149330002846018
58,7.0,8.18,49,3.26,22.9,1.659,96,102,58,24,18,5.639237271992038,5.2339072714110415,0.4053300005809968
59,5.14,2.81,80,0.59,20.8,0.749,71,54,80,39,204,3.75308736085657,4.042415989499867,-0.2893286286432972
60,5.94,7.26,47,2.56,31.9,1.27,85,190,78,42,78,6.386327089357205,5.568768983164207,0.8175581061929975
61,6.46,9.39,111,3.39,20.2,1.065,34,493,34,5,494,6.417234919066843,5.475639502598564,0.9415954164682789
62,4.53,4.4,49,0.81,32.5,1.668,76,396,40,4,262,3.194690021472414,3.81302468154575,-0.6183346600733359
63,7.67,1.68,85,0.94,21.2,1.11,86,368,35,49,323,2.897624834739666,3.307157764676515,-0.4095329299368493
64,4.63,5.11,115,4.05,28.8,0.86,8,495,25,28,483,4.150880835406472,4.958119845344213,-0.8072390099377413
65,4.34,3.47,64,1.18,33.1,1.046,7,350,33,44,79,3.0108629451710684,4.1116794148713325,-1.100816469700264
66,7.75,2.88,104,4.46,36.1,1.305,34,271,32,14,39,5.027482267723595,4.977785292049132,0.04969697567446296
67,3.81,1.01,48,3.69,34.0,1.182,98,206,56,33,451,2.446982136912808,2.588045618945513,-0.14106348203270525
68,8.36,9.25,78,3.62,38.6,1.96,48,70,9,3,46,3.811235083364163,4.319083323392254,-0.5078482400280913
69,6.04,7.42,74,3.73,36.9,1.561,1,211,22,34,238,6.68283777032677,5.896664480949886,0.786173289376884
70,6.93,5.29,25,1.41,20.6,1.988,99,73,75,45,391,3.813416590480164,3.2339951853136086,0.5794214051665554
71,6.53,6.95,23,1.53,27.6,1.596,57,221,30,30,352,4.217097615507669,4.30652965550779,-0.08943204000012095
72,6.82,6.39,46,2.87,37.4,1.101,19,208,89,19,341,7.197111836322942,5.680443229320587,1.5166686070023552
73,8.38,7.49,60,4.19,33.9,0.623,4,144,65,31,277,4.647550863049246,4.93886798276383,-0.2913171197145843
74,8.93,7.67,70,4.1,25.2,0.804,19,170,49,1,290,4.46151525258615,4.478032181921773,-0.016516929335623765
75,8.99,8.46,101,2.07,23.0,0.814,61,267,26,35,317,3.2174615807332927,3.457197428844541,-0.23973584811124837
76,3.87,5.09,37,1.64,28.3,0.634,33,91,96,27,304,2.6075176446560313,3.210050478695574,-0.6025328340395428
77,6.33,6.86,33,2.78,31.5,1.97,66,292,99,25,268,5.227388521162605,4.462760618770765,0.7646279023918403
78,3.38,8.07,64,2.81,26.3,1.343,39,482,24,22,69,3.532593989642115,3.2888307607345566,0.2437632289075582
79,7.55,2.33,83,3.16,35.8,1.411,95,171,61,16,455,4.3776776588798505,4.765414558461081,-0.38773689958123025
80,4.59,2.48,93,4.56,22.0,1.53,13,5,22,30,465,3.337607128273166,4.049820164273785,-0.7122130360006191
81,4.18,4.34,12,2.09,26.6,1.49,9,217,74,37,154,1.983635588634493,2.6045077795143174,-0.6208721908798245
82,5.87,6.45,115,2.66,36.6,0.827,89,14,90,25,82,6.137164800962872,5.759449424817981,0.3777153761448915
83,8.99,2.02,79,4.65,23.3,1.016,92,124,93,34,477,3.038137329235088,3.2359051968116836,-0.1977678675765957
84,5.36,5.71,96,2.91,24.3,1.983,79,85,63,4,172,4.6460594531350115,5.038570164138346,-0.3925107110033341
85,7.57,7.23,20,1.85,34.4,0.973,34,385,88,17,321,3.427283944930432,3.9571511491912226,-0.5298672042607904
86,6.17,5.68,72,2.0,25.2,1.963,51,272,76,28,90,5.321572008220727,5.093167062927321,0.2284049452934056
87,4.97,3.77,80,3.3,30.5,1.664,70,5,52,19,180,4.316032391929927,4.961996157911079,-0.6459637659811523
88,5.61,7.19,50,2.73,34.1,0.55,42,172,17,2,414,6.029395103047773,5.6657227978365645,0.3636723052112085
89,7.85,4.27,57,0.76,20.5,1.352,63,128,95,10,312,4.024389404342847,4.175273302612455,-0.15088389826960746
90,4.82,4.46,102,4.78,27.8,1.542,53,332,88,39,278,4.317573986105318,5.053987094705422,-0.7364131086001047
91,4.96,2.86,71,2.21,26.9,1.149,3,11,53,22,381,4.630200143398646,4.57389720542661,0.05630293797203656
92,8.85,2.09,41,3.1,38.6,1.76,59,399,69,45,472,2.5818055526968817,2.0561916042923416,0.5256139484045401
93,6.68,1.29,104,5.0,31.3,1.842,30,294,42,39,362,3.915460916755275,4.072056440012245,-0.15659552325697002
94,3.99,1.89,66,2.29,31.6,0.953,20,104,89,41,324,2.931646411564533,3.3446210583099187,-0.41297464674538586
95,5.7,3.02,90,3.68,27.4,1.009,7,419,77,32,431,5.11137118359655,5.5398435165051465,-0.4284723329085969
96,5.45,5.77,106,4.44,28.9,1.754,89,224,67,15,347,5.234682521082076,5.457648527457444,-0.22296600637536734
97,5.02,8.66,107,4.15,23.7,0.97,47,84,64,30,86,4.761814121618638,5.200307135831145,-0.43849301421250697
98,5.89,3.11,116,3.21,24.9,1.374,1,408,86,13,75,5.600572682992953,5.05662287290466,0.5439498100882938
99,5.47,7.21,19,1.69,28.7,0.659,77,34,50,37,438,3.555312487249742,4.091121324640227,-0.5358088373904848
100,6.08,2.14,59,1.83,39.0,0.799,85,367,95,9,15,5.200636231720392,4.698555369414982,0.5020808623054096
101,5.59,2.63,104,1.86,31.0,1.603,68,220,58,43,249,3.951316454561338,4.343751705788018,-0.3924352512266802
102,5.67,3.96,11,0.73,25.7,0.582,8,134,33,25,433,3.2840579798469194,3.1686959605462324,0.11536201930068701
103,6.88,4.3,33,3.06,24.7,1.147,67,98,3,41,19,5.640564210698786,5.032702103197431,0.6078621075013553
104,7.46,1.85,71,1.25,37.9,1.65,48,41,75,27,322,3.650506436115485,3.8403127905915473,-0.1898063544760622
105,7.34,3.67,108,0.7,33.3,1.384,66,226,13,24,332,4.732357802056562,4.1869179870232145,0.5454398150333475
106,7.17,1.63,65,3.77,20.9,1.747,68,328,4,22,56,4.826439996791864,4.108918998319995,0.7175209984718691
107,4.84,6.6,55,2.69,22.3,1.764,81,321,14,48,301,4.156333500602409,4.529004068927098,-0.3726705683246889
108,7.31,6.52,95,3.6,29.9,1.457,90,462,96,5,229,6.042423667741108,5.655832115902061,0.3865915518390475
109,6.61,7.89,67,3.46,32.7,1.021,75,450,78,18,331,7.14837601037951,6.0289979462987064,1.119378064080804
110,5.96,7.61,76,3.99,37.3,1.827,33,410,77,6,132,6.004643730260366,5.558585155033333,0.44605857522703296
111,4.38,6.88,64,4.8,21.8,1.917,20,194,36,11,137,3.963158292756204,4.464932155368027,-0.5017738626118229
112,4.95,9.02,19,1.99,21.3,1.301,32,151,8,36,423,2.7863351607342093,3.374873425765127,-0.5885382650309179
113,7.29,2.52,103,1.79,22.3,1.428,93,256,22,3,335,3.953951038751904,4.145965518734835,-0.19201447998293109
114,4.74,6.73,112,3.74,35.4,0.776,95,212,41,47,25,4.272866972908825,5.264065351470711,-0.9911983785618856
115,8.78,7.38,51,2.13,28.9,1.51,78,160,43,1,464,3.469980596618867,3.9136623718323365,-0.44368177521346963
116,3.98,7.64,34,1.98,30.7,1.865,58,26,28,42,281,2.4331826563348753,2.875592920128301,-0.4424102637934255
117,7.34,5.25,40,3.87,37.1,1.046,71,137,6,27,247,6.0902970450605824,5.816311215398038,0.2739858296625446
118,4.54,7.51,97,4.91,20.7,0.792,66,408,66,4,237,4.47497283425194,5.336711815656405,-0.8617389814044651
119,6.15,9.94,13,3.97,29.4,1.98,57,26,32,15,117,3.4340894663487056,3.551430724862356,-0.11734125851365018
120,5.31,8.97,107,2.67,24.6,1.776,82,418,4,14,42,4.0511789445157715,4.566908538625811,-0.5157295941100397
121,6.36,2.27,39,2.17,23.7,1.739,84,223,48,8,220,4.213307058657655,3.9206766161389255,0.2926304425187296
122,7.55,3.49,94,2.04,32.5,1.993,43,328,75,43,176,3.7294318932337744,4.030354571223747,-0.30092267798997296
123,5.1,8.02,51,3.85,37.7,0.714,61,404,33,3,320,4.892868777294863,5.566823294497087,-0.6739545172022234
124,6.9,8.53,26,1.95,34.8,0.932,54,321,19,29,153,4.641513189316468,4.685459448751875,-0.04394625943540653
125,4.01,6.79,42,0.78,24.0,1.538,38,198,53,5,231,2.829053750425542,3.4249677910991054,-0.5959140406735632
126,3.47,2.46,117,1.22,29.6,0.518,28,460,67,45,227,2.6942224967836585,2.0922843192657767,0.6019381775178818
127,3.2,7.33,114,1.08,29.8,1.287,16,175,15,3,417,3.1740445775633286,2.0838027597251276,1.090241817838201
128,5.26,3.46,78,0.57,31.4,1.246,10,50,60,14,203,4.324452967549339,4.552043440517796,-0.22759047296845658
129,6.48,6.13,99,4.38,28.1,0.638,31,158,30,18,126,7.29165162511477,6.1842647758989795,1.1073868492157901
130,7.23,7.73,67,4.75,30.6,1.342,41,283,14,18,329,6.6656997154062125,6.175504075263419,0.4901956401427938
131,7.15,9.67,87,0.51,24.4,1.661,90,16,12,28,31,4.578610107868845,3.7913357812571715,0.7872743266116733
132,4.56,8.45,53,3.7,21.2,0.663,70,221,93,25,113,3.830873450071335,4.713961888317775,-0.8830884382464403
133,8.64,7.37,17,4.48,31.4,0.526,39,398,44,45,470,2.717498644193313,3.375784993162215,-0.6582863489689021
134,7.92,3.51,24,3.02,25.2,1.37,79,13,87,8,271,3.8265577409738087,3.8023751643619486,0.024182576611860185
135,3.48,7.16,54,1.97,29.2,0.756,88,377,83,31,140,2.9129792716579512,3.3020311925528536,-0.38905192089490237
136,7.69,2.0,86,4.24,30.0,1.043,6,338,14,8,57,4.538307601479131,4.960121498038983,-0.42181389655985235
137,8.68,6.09,76,2.3,27.9,0.981,93,499,10,20,192,4.075843861927411,4.238208844759157,-0.16236498283174594
138,4.81,6.4,32,1.93,22.2,1.535,2,335,72,27,24,3.188011700273381,4.1307675537431505,-0.9427558534697695
139,7.21,6.47,74,2.6,32.2,1.538,99,53,48,17,17,6.31427158024652,5.75646243504168,0.5578091452048399
140,4.07,5.62,24,2.16,26.3,1.693,53,233,1,23,265,2.5962601289905636,3.087698499038045,-0.4914383700474816
141,4.65,3.93,38,1.58,36.2,1.815,42,182,14,45,66,2.6490093300407422,3.6011544292610513,-0.9521450992203091
142,5.3,2.21,63,3.34,22.6,1.719,98,396,71,5,208,3.9708277471408464,4.159181616672904,-0.18835386953205768
143,3.4,2.95,18,4.35,21.5,1.657,28,82,74,0,479,2.2534096292381873,1.6925559390628178,0.5608536901753696
144,3.35,9.92,102,1.56,31.1,0.722,96,421,53,27,94,3.218642928611525,2.488538077176733,0.7301048514347919
145,3.79,1.53,27,4.34,34.3,1.215,81,318,12,50,253,2.1482758311119574,2.333838141504659,-0.18556231039270177
146,4.78,4.59,41,2.92,36.4,0.689,92,447,59,11,266,4.282056708279155,4.689269476502244,-0.40721276822308905
147,3.88,8.63,103,4.4,33.3,1.501,27,126,76,8,23,3.6704909903592298,3.904101711175688,-0.23361072081645817
148,5.17,4.79,62,1.37,21.9,0.888,30,46,87,4,222,4.961105519812947,5.0561620016479445,-0.09505648183499726
149,6.69,4.1,26,3.52,32.8,0.587,58,68,60,1,261,5.997497197808951,5.080698684202764,0.9167985136061869
150,4.3,4.35,38,3.4,20.5,0.699,34,177,91,19,426,3.7196294857743615,4.084157307480179,-0.3645278217058179
151,5.34,7.75,107,1.87,22.0,1.548,75,262,32,43,5,3.740961919070682,4.7808709732158485,-1.0399090541451663
152,4.57,9.46,80,3.9,38.2,1.78,45,286,85,13,116,3.923079249343164,4.474469515533217,-0.5513902661900532
153,8.42,9.35,62,2.52,20.9,1.714,59,282,75,41,45,3.531215555237986,3.700282019980836,-0.16906646474285036
154,5.55,8.35,66,1.37,31.3,1.642,55,426,0,22,16,4.754300323283566,4.907641623042279,-0.15334129975871313
155,6.23,9.52,76,2.4,22.1,0.781,69,135,61,2,462,6.6090568789192705,5.519490147809107,1.0895667311101631
156,7.02,3.76,89,1.32,34.6,1.768,22,173,97,36,357,4.286501962276955,4.65459938662659,-0.3680974243496342
157,6.81,7.97,92,2.72,27.3,0.618,58,110,73,24,3,6.979710857275613,5.777126334139675,1.202584523135938
158,7.82,1.24,88,2.98,26.2,0.598,24,194,8,47,218,3.837918985231112,4.025142864725394,-0.1872238794942822
159,5.98,5.82,30,0.52,33.5,0.821,81,402,11,9,405,5.120535142346806,4.5450131310804,0.5755220112664059
160,3.45,9.38,38,2.14,35.5,1.086,35,172,36,3,60,2.751373801217716,2.624940103922677,0.12643369729503862
161,5.83,5.75,106,2.99,20.8,0.685,55,268,97,34,110,6.347728339834065,5.757761269312815,0.5899670705212499
162,4.6,4.38,63,1.02,38.8,1.159,63,164,2,25,318,4.179282689411631,4.545241617415137,-0.36595892800350605
163,3.56,8.55,58,4.6,30.3,0.763,1,259,24,35,428,3.625880195611842,3.4861823676884627,0.13969782792337915
164,6.14,1.46,37,4.14,39.4,1.964,5,196,44,25,29,3.8779846718725888,3.662643023070133,0.21534164880245577
165,4.48,8.42,100,0.83,30.4,1.023,80,183,27,32,437,3.222679804667794,4.097990175862756,-0.8753103711949617
166,6.85,8.48,75,2.95,23.2,0.512,57,393,10,19,471,6.542790415013865,5.680998360735735,0.8617920542781299
167,8.47,3.36,81,2.78,25.4,1.264,51,15,97,42,26,3.990104541639839,4.12994680757684,-0.13984226593700155
168,6.03,6.83,102,4.07,25.4,1.029,26,416,15,7,7,6.438892146438997,6.191324851104952,0.2475672953340453
169,6.51,9.64,58,4.13,32.2,1.176,90,410,7,21,453,7.22942064419304,5.761489558087012,1.4679310861060282
170,3.61,7.21,105,3.49,20.3,1.818,5,153,20,39,108,3.4379766951391786,2.937193475563613,0.5007832195755655
171,6.97,2.78,117,4.11,25.9,1.826,38,240,64,15,37,4.589701053892524,4.441921671416901,0.1477793824756226
172,3.72,7.91,47,1.05,39.6,1.125,54,45,95,29,157,3.3357538379855023,3.2964983285634117,0.03925550942209055
173,7.13,4.64,38,3.24,27.6,1.814,18,59,35,29,489,4.907371354080611,4.750773446883688,0.15659790719692346
174,4.1,4.22,91,3.76,28.6,1.852,98,270,38,4,118,3.3277348059041314,3.9152883678987624,-0.587553561994631
175,7.41,5.51,73,2.4,32.5,0.649,33,457,25,38,114,6.4029902025667935,5.64526369510696,0.7577265074598332
176,7.96,8.7,44,2.43,35.0,1.068,66,256,67,23,175,4.181159383478975,4.7253867094923345,-0.5442273260133597
177,5.29,5.43,46,1.35,26.9,1.463,5,251,2,27,373,4.108025383761994,4.775131513112186,-0.6671061293501914
178,4.16,8.13,91,3.08,37.6,1.572,36,94,18,31,181,3.5087070978497414,4.203213184249533,-0.6945060863997914
179,4.73,4.17,77,2.08,34.6,0.936,3,385,94,22,144,3.893115834330667,4.932114063839642,-1.0389982295089752
180,7.44,6.22,82,1.29,30.2,0.922,2,490,0,22,369,5.322368305559258,5.341655156148114,-0.019286850588856375
181,5.85,9.19,31,4.21,26.4,1.421,17,35,93,32,390,5.059751914281609,4.6615861319268905,0.39816578235471844
182,3.59,6.3,71,3.64,28.4,0.979,13,75,52,16,195,3.995312334096225,3.9259320793150883,0.06938025478113685
183,6.41,1.19,65,0.58,27.9,0.625,97,217,99,39,404,4.188725599478599,3.5540943300319374,0.6346312694466616
184,3.62,7.64,29,1.22,23.3,0.683,75,1,74,20,275,2.49834590179635,2.387745639452812,0.11060026234353826
185,6.2,1.26,101,1.63,32.3,1.284,1,253,79,10,454,3.9687353909972622,4.255080150094512,-0.2863447590972501
186,8.22,3.79,96,2.44,22.4,0.928,11,387,94,28,141,3.688347333654057,4.5512052217115535,-0.8628578880574964
187,6.94,8.25,28,0.91,36.1,1.865,12,258,51,1,365,3.975000504625171,3.844347611782072,0.130652892843099
188,8.02,9.51,115,4.33,33.2,1.887,99,263,13,42,67,3.640117188213099,4.129340873478252,-0.4892236852651535
189,3.02,5.92,48,4.77,31.8,1.26,78,96,33,38,210,3.4027958302847847,2.9191037090504937,0.48369212123429106
190,8.41,2.5,40,1.82,21.6,1.831,50,391,29,3,168,2.411180916114451,2.5033329013778616,-0.09215198526341073
191,8.84,3.74,84,2.19,33.7,1.396,63,394,63,7,493,3.3985673985763527,3.633561214556539,-0.23499381598018632
192,4.78,4.76,113,2.42,30.9,1.744,23,120,49,35,375,3.8531905276186658,4.185684670766121,-0.3324941431474553
193,4.19,9.54,65,0.7,28.2,1.333,80,114,10,34,400,3.3133087129301377,3.275836153466611,0.03747255946352679
194,7.36,7.8,28,0.8,27.1,0.797,21,101,68,33,272,4.178541582885645,3.8051441751790085,0.3733974077066362
195,4.93,9.31,77,0.98,39.8,0.606,19,444,10,40,109,3.83970001875342,4.361304843278033,-0.521604824524613
196,6.17,8.36,84,1.06,37.6,1.418,13,382,66,6,248,5.2540870405760565,5.291789777553641,-0.037702736977584195
197,3.04,5.02,44,2.57,25.1,1.617,69,420,51,40,145,2.875332231817872,2.058283058962731,0.8170491728551408
198,4.94,2.57,61,3.96,30.0,1.027,53,166,34,48,92,4.565702421825719,4.9597889059029185,-0.3940864840771994
199,4.51,4.5,110,3.21,35.1,1.631,15,404,9,16,152,3.557644174554289,4.277011820836101,-0.7193676462818122
200,6.66,2.73,47,3.42,27.1,1.89,6,66,84,20,367,5.159624951822001,4.459958661794374,0.6996662900276265
201,4.3,1.12,107,2.47,38.4,1.61,36,11,30,11,467,2.433499359028833,2.601262245254482,-0.1677628862256486
202,5.14,2.3,13,3.41,39.4,0.673,28,343,55,11,83,2.771594920693307,3.441925994687545,-0.6703310739942383
203,7.47,1.11,42,3.28,30.4,0.676,20,131,34,2,245,3.92990836917703,4.031438229195277,-0.1015298600182466
204,3.23,5.15,50,3.14,37.4,1.512,91,139,90,2,165,3.6934345074297785,3.1739161230940427,0.5195183843357358
205,7.99,6.83,59,3.07,34.8,0.898,37,105,31,29,163,5.142339583300628,5.454747162664603,-0.3124075793639749
206,6.23,2.62,98,2.24,23.1,1.929,97,300,86,30,199,4.12017595851042,4.065767941362977,0.05440801714744303
207,7.39,3.07,18,4.59,29.9,0.728,75,430,50,7,228,3.7529947723815966,3.9717468781184353,-0.21875210573683868
208,5.72,3.39,94,2.15,38.5,0.558,78,333,8,35,74,5.052847500523631,5.276780480848897,-0.22393298032526587
209,4.44,1.79,24,3.9,35.7,1.443,9,449,65,29,478,2.1493447968545496,2.755838520093918,-0.6064937232393683
210,5.25,3.61,37,0.69,31.4,0.836,61,252,78,31,358,3.8180295060483274,4.127045109646706,-0.30901560359837843
211,5.41,1.34,46,4.0,33.6,0.959,36,440,14,10,250,3.899792910298115,4.472993144915668,-0.5732002346175529
212,3.28,6.63,78,3.53,21.7,1.399,54,383,16,17,119,3.3133924520119384,3.464743243376021,-0.15135079136408258
213,3.12,9.05,98,0.67,25.7,0.852,20,442,59,18,310,2.963141334893419,2.087646597584832,0.8754947373085868
214,5.22,5.22,25,1.25,33.6,1.251,28,340,45,30,299,3.882565319884092,4.23229892281404,-0.34973360292994826
215,3.57,7.47,59,0.76,32.8,1.782,37,284,95,35,255,2.7787612651076072,2.7337548291033245,0.04500643600428278
216,6.84,3.57,40,3.14,37.4,0.641,15,260,16,34,354,5.598389796920196,5.336180564579161,0.26220923234103477
217,7.33,1.05,41,2.18,30.1,0.925,77,495,46,36,399,3.3209031541853116,3.292251296827671,0.02865185735764042
218,3.43,8.95,14,1.91,24.1,1.904,10,455,19,31,225,1.8643604262248703,0.8543966378745833,1.009963788350287
219,4.36,5.17,102,2.86,31.9,1.099,74,187,18,47,353,4.227062190515561,4.682809208822892,-0.45574701830733133
220,3.9,1.82,31,0.99,21.0,1.788,52,474,90,32,234,1.7363506184523725,1.3716538062689883,0.36469681218338423
221,3.53,4.31,96,4.97,24.6,0.729,30,312,54,44,382,3.681525367935031,3.7821647993316843,-0.10063943139665321
222,4.46,5.37,55,2.97,20.3,0.959,65,2,12,43,274,4.663782509692396,4.529400996129682,0.13438151356271444
223,3.54,5.31,75,3.59,33.1,1.004,100,334,32,18,36,3.8826444709530623,4.0801266614535665,-0.1974821905005042
224,3.95,6.77,89,1.64,21.7,0.731,27,244,43,19,196,3.2854206938923585,4.037012798799073,-0.7515921049067145
225,3.84,6.6,86,2.08,20.6,0.87,46,57,4,5,139,3.6544912088511503,3.8062368013472687,-0.1517455924961184
226,4.89,3.0,49,0.56,31.1,1.938,91,112,78,12,364,2.863721560824023,3.3245408413942874,-0.4608192805702642
227,5.56,1.76,113,1.62,37.7,1.154,35,17,55,47,244,3.587960408653693,3.8617946236493386,-0.27383421499564564
228,8.88,2.57,66,1.05,31.7,1.107,42,319,98,6,439,2.9658410776500457,2.8492450614078626,0.11659601624218308
229,8.37,7.28,99,2.64,24.9,1.436,29,36,82,21,286,4.466086315265039,4.55824509386141,-0.0921587785963709
230,7.48,7.77,79,1.7,27.6,1.564,87,90,61,7,59,4.283196742026297,5.236238587581419,-0.9530418455551226
231,8.9,1.71,11,4.73,20.5,0.747,56,330,72,23,111,1.844047561915261,1.3755208612306928,0.46852670068456814
232,4.26,6.72,46,2.25,39.1,0.666,0,124,83,7,89,4.059374863630266,4.116159268660839,-0.056784405030573026
233,8.15,4.08,80,1.38,39.2,0.963,26,127,69,21,436,4.472424061977791,4.584641727901011,-0.11221766592321991
234,3.94,4.95,100,3.51,39.5,1.74,11,255,84,39,6,3.548926760365752,3.7325009273290854,-0.1835741669633335
235,6.19,9.15,28,3.38,34.5,0.59,77,345,37,38,360,4.970677679174717,4.873968622057645,0.09670905711707167
236,6.1,4.66,84,2.52,32.1,0.865,81,72,41,48,346,6.70945137683582,5.825982099537262,0.8834692772985582
237,3.05,8.9,69,2.27,35.4,1.896,99,72,22,9,338,3.011360417629775,2.110780993247353,0.9005794243824221
238,6.89,3.14,110,4.64,28.5,0.878,89,189,31,27,158,6.34815004199293,5.443264495985452,0.9048855460074785
239,3.82,9.46,29,4.86,28.0,0.555,41,213,40,21,150,3.1451719511385594,2.942255011457859,0.20291693968070046
240,6.05,5.4,103,3.37,21.7,1.265,60,116,62,50,177,6.806922519186464,5.757808729552142,1.0491137896343217
241,4.71,6.36,79,4.3,29.3,1.381,94,298,8,31,393,4.847603749902294,5.459591468602868,-0.6119877187005738
242,3.21,5.63,109,4.57,39.7,1.466,59,434,75,24,184,3.4384501528013147,2.8801325907559487,0.558317562045366
243,8.43,4.56,15,4.04,21.8,1.446,55,137,50,41,449,2.862839487951645,3.2122317586056965,-0.34939227065405154
244,5.79,4.23,19,1.76,33.3,1.337,30,101,49,19,10,3.999271242080297,4.297735972691159,-0.2984647306108621
245,4.7,8.58,58,2.5,37.9,0.741,19,286,99,20,380,3.963320180398948,4.6782253440813495,-0.7149051636824013
246,4.44,1.51,21,2.76,22.5,1.075,43,150,71,27,103,2.465523646281193,2.6852111804542416,-0.21968753417304843
247,5.52,8.78,70,1.34,25.5,0.946,15,204,82,47,81,4.988499385746702,4.905747741250432,0.0827516444962706
248,6.13,7.93,117,3.03,27.0,1.163,11,314,46,45,38,6.674586701970285,5.463529160822004,1.2110575411482811
249,8.79,1.32,120,2.71,38.2,1.18,29,351,54,28,314,2.8120846149786582,2.417685626033596,0.3943989889450621
250,8.5,4.41,27,1.36,39.2,0.993,71,156,85,5,167,2.9530971016591256,3.3846304812281285,-0.43153337956900284
251,8.62,8.64,29,3.65,24.5,0.821,72,412,20,14,469,3.1092977697182005,3.647973404219226,-0.5386756345010255
252,5.93,3.24,34,3.92,24.8,0.824,92,374,82,46,296,4.854296215128329,4.616013352932727,0.2382828621956019
253,8.1,2.68,67,3.92,32.4,1.528,38,452,59,44,474,3.96877520918392,4.269428299786912,-0.3006530906029923
254,3.36,5.49,62,3.94,39.4,1.809,59,162,76,40,198,3.371470357683383,3.112826017020959,0.2586443406624239
255,8.0,5.13,13,0.65,39.3,1.409,86,273,85,48,297,2.8741150132934563,2.5781036950883345,0.29601131820512183
256,6.77,3.55,93,2.58,33.4,0.848,22,337,88,8,416,6.3605602580541,5.5972558994357255,0.7633043586183748
257,5.04,7.44,15,1.07,24.5,1.122,69,463,77,48,146,2.8061919180341213,3.1380402951110127,-0.3318483770768914
258,8.3,2.41,42,2.83,30.7,1.116,26,400,48,20,392,3.541914629821869,3.698834716361549,-0.15692008653967982
259,8.32,6.19,70,2.01,25.9,1.208,8,90,52,40,147,4.283807904372464,4.549095454990447,-0.26528755061798304
260,6.95,8.27,52,3.98,29.0,1.155,61,486,43,38,447,5.7918129005110295,5.668452244983252,0.12336065552777775
261,8.89,5.58,101,3.49,31.5,1.727,77,39,45,33,287,3.7627078766565134,3.8385551736765917,-0.07584729702007831
262,5.38,5.97,35,4.79,20.7,0.744,17,413,5,43,123,5.005651409061473,5.409201871870578,-0.4035504628091049
263,6.1,7.01,16,1.0,39.7,0.94,39,31,21,48,368,4.108586548896543,4.176582110501187,-0.06799556160464348
264,7.45,4.16,47,4.27,21.2,0.571,76,377,89,39,96,5.005938405611848,4.9097013450091005,0.09623706060274717
265,7.03,1.92,60,1.42,39.5,1.994,23,430,26,2,143,3.7007683144271657,3.5153682204224275,0.18540009400473823
266,5.32,1.17,32,4.58,36.9,1.349,82,362,96,37,239,2.838366285461821,3.3277680207621207,-0.48940173530029973
267,4.28,2.36,33,3.84,28.7,0.879,90,111,60,24,442,2.806334889098484,3.579753280274187,-0.7734183911757033
268,8.13,8.5,103,1.01,37.3,1.591,77,496,88,21,97,3.3670973001895588,3.8858991433814056,-0.5188018431918469
269,6.55,3.56,50,1.81,28.1,1.416,11,20,11,49,407,5.063764554824941,4.764557871273324,0.29920668355161695
270,6.58,7.58,82,4.94,25.6,0.905,80,454,57,28,122,7.753081983695127,6.309443194442364,1.4436387892527627
271,8.34,9.32,81,3.26,35.7,1.141,73,306,51,10,183,4.909140980624111,4.9943346642232616,-0.08519368359915092
272,7.57,8.17,24,3.83,31.0,1.19,65,3,94,32,202,4.271112949485593,4.691611925409741,-0.420498975924148
273,4.24,1.96,86,3.05,32.0,1.221,17,336,91,4,246,3.619147353727013,3.9270501106648132,-0.30790275693780034
274,6.78,9.41,112,1.59,26.5,1.185,90,474,64,41,305,4.823518535379458,4.756754138692471,0.0667643966869873
275,5.77,1.36,110,4.21,28.3,0.576,80,48,82,0,298,4.09565549990213,4.540760530229562,-0.445105030327432
276,7.64,4.51,85,4.5,35.9,1.971,82,25,65,37,351,5.164990198473316,5.002786676079843,0.16220352239347324
277,8.49,8.51,113,3.71,34.4,0.914,10,66,68,43,386,3.7244332907420943,4.355981178014421,-0.6315478872723266
278,7.5,5.77,30,2.12,34.1,1.249,92,29,84,1,395,5.1129052054671495,4.923679800972293,0.1892254044948567
279,4.43,7.08,22,4.67,24.1,1.053,40,215,84,37,284,3.2118064877680195,3.9635796539205415,-0.751773166152522
280,7.95,9.21,44,1.19,30.9,0.891,33,373,36,39,125,3.624242163951256,3.9331537785068638,-0.3089116145556079
281,6.8,7.06,30,0.68,33.5,1.132,13,6,9,12,302,5.122914716293708,4.384943564967574,0.7379711513261338
282,4.67,8.31,18,4.88,34.6,1.318,58,247,92,11,223,3.2022490182716203,3.944356345818049,-0.7421073275464285
283,7.73,6.75,82,4.72,25.8,1.218,23,265,42,26,418,5.952711739747638,5.956732036975792,-0.00402029722815378
284,5.58,9.29,54,3.28,29.7,1.545,49,415,81,49,219,4.761510042767023,4.956958654188238,-0.19544861142121484
285,8.77,2.72,95,2.05,35.3,0.816,57,130,79,35,129,3.1175163292035464,3.4716959841372423,-0.35417965493369596
286,5.92,3.4,75,3.73,26.5,0.631,54,419,21,36,420,5.786151992743285,5.746207890654246,0.03994410208903876
287,4.57,2.23,106,4.24,34.0,0.594,48,181,87,14,289,3.4639229046206617,4.269191094621396,-0.8052681900007346
288,8.66,6.18,73,3.53,26.8,1.75,39,108,89,47,444,3.955519373936547,4.268240080754889,-0.31272070681834174
289,6.76,1.88,109,0.96,27.3,1.953,16,308,2,31,376,3.641401272934028,3.138734696369859,0.5026665765641689
290,4.92,6.56,108,0.66,21.0,0.811,3,296,47,44,291,3.832122791011084,4.369725571309501,-0.5376027802984167
291,6.0,2.12,98,2.74,20.1,0.785,52,233,11,23,355,5.942634741821735,4.8405068183792705,1.1021279234424641
292,8.1,6.02,115,1.19,28.8,1.304,64,78,73,40,294,3.9658295295760873,4.095250327389424,-0.12942079781333682
293,7.28,7.99,54,1.3,24.2,1.192,44,428,55,32,396,4.854871139160557,4.860591173917156,-0.0057200347565986576
294,6.0,4.19,42,4.54,26.9,0.574,42,443,45,49,340,5.741004774106029,5.456858875073421,0.284145899032608
295,7.24,3.73,108,4.82,39.0,0.721,12,61,58,42,112,5.531464157864374,5.480834725150201,0.05062943271417275
296,7.78,1.15,56,0.79,26.4,0.918,54,279,72,13,179,3.221640509912376,3.177449673517357,0.04419083639501897
297,8.15,5.07,49,4.92,29.1,1.557,21,463,93,11,307,4.722346772196988,4.5063478331120645,0.2159989390849235
298,5.2,6.21,21,2.91,38.9,1.947,50,263,47,13,432,3.767238382639028,3.983725009870518,-0.21648662723149004
299,7.86,7.56,63,1.41,20.1,1.258,6,365,80,4,487,4.405307182767657,4.767801445336993,-0.3624942625693359
300,3.31,8.85,117,4.37,29.4,1.495,47,324,66,24,481,3.1597156401845923,2.733710860935616,0.4260047792489763
301,4.07,2.19,16,2.6,20.4,1.504,74,441,23,33,422,1.929373263542219,1.854584343493407,0.07478892004881188
302,7.81,7.14,104,2.55,28.6,1.881,23,98,9,38,233,4.550525799336803,4.349807434444209,0.20071836489259454
303,3.26,2.93,49,1.52,37.8,0.53,53,433,31,37,311,2.6344813326361676,2.2120960650815324,0.4223852675546351
304,3.41,4.14,116,2.32,36.6,1.718,87,380,44,16,164,3.1928151042582447,2.347102342023561,0.8457127622346836
305,8.07,4.73,54,1.54,34.9,0.776,89,39,20,42,136,4.411154858144583,4.507137982773974,-0.09598312462939163
306,7.05,1.59,61,3.58,39.8,1.212,50,80,16,5,197,5.886173523964832,5.002399915134967,0.8837736088298644
307,6.29,1.39,56,0.82,38.5,0.856,82,179,73,33,258,4.474719577066826,4.046977166957461,0.42774241010936453
308,6.3,3.29,95,1.68,37.8,1.128,12,148,45,38,232,5.50351351343314,5.1584162970931535,0.3450972163399868
309,4.63,7.41,52,3.23,30.5,1.675,8,243,10,6,115,3.887755222146532,4.69674851751305,-0.8089932953665175
310,7.09,2.96,116,3.33,22.5,1.474,31,425,89,30,120,5.521310645226651,4.766665936786808,0.7546447084398435
311,5.87,1.73,73,4.81,31.7,1.077,64,185,98,2,349,5.916029117326931,5.2140481902629405,0.7019809270639907
312,3.19,1.61,13,1.45,32.3,1.228,44,187,27,17,224,1.4165839247252732,0.5583572846759202,0.858226640049353
313,5.01,5.55,76,1.94,23.3,1.469,25,278,40,1,402,5.111547161856597,5.3046322932305685,-0.1930851313739712
314,7.89,3.1,15,2.53,38.7,1.626,15,87,95,18,397,2.693149262073512,3.0405575410508985,-0.3474082789773867
315,4.72,4.87,116,2.35,23.9,0.885,51,317,41,38,127,3.9465004084740936,4.668712354677659,-0.7222119462035654
316,8.12,8.41,36,4.57,33.8,1.678,6,366,100,32,285,3.755196998733176,3.973758069341389,-0.21856107060821328
317,8.54,4.89,111,1.11,23.6,1.911,22,80,64,7,411,3.150853685622123,2.9825563389177896,0.1682973467043336
318,3.68,6.43,100,3.69,22.9,1.254,18,471,78,42,107,3.7713452173122137,4.046987752843803,-0.27564253553158924
319,6.2,8.76,24,4.98,28.0,0.545,95,118,23,10,370,5.1857516923128095,5.186926609360404,-0.0011749170475940929
320,6.36,5.04,16,2.3,27.3,1.486,100,445,1,3,325,4.753436225119048,4.062316950760408,0.6911192743586394
321,3.3,1.28,102,0.85,24.4,1.234,40,33,90,21,133,2.2273507085429705,1.450376497285022,0.7769742112579485
322,3.8,7.13,53,4.47,35.9,1.978,30,181,67,33,452,3.0312361557782124,3.4053340435786943,-0.3740978878004819
323,6.34,1.74,13,2.31,24.9,0.505,5,167,69,15,44,3.433913516952401,3.0911876299995846,0.34272588695281625
324,4.31,4.92,48,0.61,27.5,1.061,31,380,74,11,460,3.461072841169973,3.991972892429692,-0.5309000512597191
325,3.59,2.32,27,2.67,38.0,1.483,27,250,51,42,65,2.3187093745485723,2.068249723432274,0.2504596511162984
326,7.82,7.35,109,4.54,23.1,1.082,76,71,99,12,283,5.328068960703031,5.642942427198285,-0.3148734664952544
327,7.78,9.75,105,1.49,27.2,0.646,53,198,7,1,85,3.609719505828131,4.2129495028615205,-0.6032299970333894
328,4.0,5.24,87,0.63,34.5,1.33,27,253,28,49,242,3.371319461252829,3.684948842547133,-0.31362938129430384
329,4.16,5.72,93,1.85,27.2,0.553,22,109,1,15,186,3.446917508022546,3.974361040785622,-0.5274435327630762
330,5.82,6.05,35,1.74,21.9,1.355,86,308,76,21,383,4.76031365538923,4.770479856738087,-0.010166201348856596
331,5.5,7.85,92,4.89,39.5,1.232,83,209,3,26,159,5.953875002641607,6.23066681726805,-0.276791814626443
332,3.16,6.17,51,2.69,27.8,0.602,2,304,54,11,12,3.336217830566334,2.7756602388611333,0.5605575917052006
333,5.09,1.06,60,3.09,26.8,1.436,73,454,83,22,35,3.5380950928795794,3.667113063616903,-0.12901797073732357
334,3.73,3.08,60,3.3,27.0,1.846,71,393,23,32,28,2.735363154500297,2.856391311986253,-0.12102815748595619
335,6.55,9.06,41,4.12,37.8,1.644,85,10,51,45,170,5.685772256167736,5.422136483162848,0.2636357730048884
336,7.84,4.49,67,3.62,23.6,1.309,20,354,12,25,142,5.550539937714286,5.401966838586475,0.14857309912781158
337,4.23,9.8,64,4.93,38.5,1.612,22,133,28,35,398,3.636238792593268,4.010596828173862,-0.37435803558059444
338,3.17,2.67,81,2.82,30.6,1.804,29,371,24,26,342,2.94316097835547,2.0447613807882647,0.8983995975672054
339,3.12,1.41,73,0.92,29.5,1.614,71,344,8,6,221,2.1354587269828147,1.1400278390340373,0.9954308879487774
340,5.73,3.91,77,4.7,26.1,1.592,29,154,46,0,95,5.830272090939202,5.722138246200683,0.10813384473851873
341,6.6,4.1,16,4.22,33.2,1.571,92,131,20,44,51,4.725344701614798,4.5003401445167395,0.22500455709805856
342,7.18,9.71,111,2.54,29.8,1.723,2,200,57,28,240,4.297364285177234,4.42534957190303,-0.1279852867257958
343,7.61,9.37,55,3.0,22.7,1.479,32,35,22,13,484,4.711023000409881,4.758216387829242,-0.04719338741936063
344,5.8,9.9,25,3.75,32.2,1.671,25,370,1,28,378,4.184371418439068,4.194280682771963,-0.009909264332895518
345,6.7,2.08,75,3.88,30.7,1.69,67,196,80,18,178,5.412796437596749,4.850056163278053,0.5627402743186964
346,8.45,1.35,27,4.29,36.2,1.506,31,58,57,13,41,2.291692415056247,2.798554252726677,-0.5068618376704301
347,8.05,6.66,39,3.15,21.9,0.911,64,244,28,14,498,4.680509021668547,4.795766214195127,-0.11525719252658018
348,4.26,9.63,19,2.13,32.6,0.517,16,487,73,15,421,2.6776352894121103,2.3084826352779917,0.3691526541341186
349,8.67,4.25,112,2.02,27.7,1.908,36,316,13,18,206,2.708307586688442,2.940649896736665,-0.23234231004822314
350,8.01,2.78,44,0.6,29.2,1.71,4,499,22,47,282,2.784989666421711,2.940551810754208,-0.15556214433249682
351,4.99,6.34,25,4.53,32.1,1.902,28,488,17,12,254,3.3292504770896305,4.003565063778106,-0.6743145866884759
352,3.84,3.44,119,1.91,26.6,1.377,89,165,62,25,412,2.711223655117871,2.9834116892234004,-0.2721880341055294
353,5.39,1.13,66,1.89,24.8,0.839,42,56,58,17,4,3.838811008306987,4.096591822323774,-0.25778081401678676
354,4.8,6.08,86,1.61,38.3,1.016,60,346,86,43,256,4.340415312880542,5.172819941837561,-0.8324046289570193
355,7.06,2.45,11,0.97,30.3,0.76,87,83,5,5,448,3.1002619173153554,3.023790591270588,0.07647132604476736
356,7.08,4.04,55,2.57,25.0,1.806,56,14,62,32,100,5.204945053533783,4.76627648112505,0.4386685724087327
357,8.82,5.18,20,1.58,28.6,1.44,28,426,4,44,226,2.3384523722179726,2.467512328441818,-0.12905995622384525
358,3.09,8.59,107,2.79,23.9,1.401,68,289,98,10,429,3.668565749464154,2.7527658563028865,0.9157998931612674
359,8.97,9.88,32,0.59,32.6,1.194,5,230,63,25,213,2.721068144212331,1.7880515912055652,0.9330165530067656
360,4.85,1.22,36,4.67,22.3,1.955,86,55,6,23,171,2.288165710198474,2.7241737757842897,-0.4360080655858156
361,8.8,3.16,53,3.37,21.4,0.692,25,42,1,20,98,3.648513160428324,3.5789415921305,0.06957156829782374
362,8.62,1.91,53,4.7,35.6,1.389,3,291,39,28,292,3.3865136809400016,3.6619007767841634,-0.27538709584416177
363,8.6,5.48,69,4.23,30.8,1.926,65,472,52,33,215,4.191225129407098,3.8844745220874923,0.30675060731960535
364,6.32,5.06,59,4.51,25.0,1.032,57,120,70,20,61,7.691939178575151,6.208695565856841,1.4832436127183097
365,5.11,6.49,80,2.11,33.8,1.43,62,118,100,44,47,5.008741724007089,5.422806617668288,-0.41406489366119903
366,4.41,8.75,107,3.55,33.4,0.83,44,65,55,26,32,4.02162916598378,4.520887456533284,-0.49925829054950377
367,7.66,7.91,15,0.75,26.2,1.135,96,247,29,8,267,2.9910758890622735,3.266164965559131,-0.27508907649685765
368,6.28,5.69,42,0.62,22.7,0.59,47,174,54,21,327,5.823257381450325,4.607741292731322,1.2155160887190029
369,5.66,2.18,56,2.37,34.4,1.922,84,63,16,37,200,3.930220650191106,3.9292488495387614,0.0009718006523447009
370,3.85,9.86,56,2.02,22.1,1.325,88,92,69,49,446,3.0962117807502807,3.0363411027957,0.059870677954580565
371,5.23,1.09,43,2.07,29.7,1.856,14,258,92,30,27,2.26429781279696,3.0724705853004304,-0.8081727725034704
372,8.95,5.39,22,2.7,34.2,1.797,3,203,28,41,424,2.5794459022026404,2.574851116423592,0.0045947857790484825
373,3.06,7.72,109,2.22,38.7,0.987,72,313,8,46,230,3.279868842546782,2.4995086912906768,0.7803601512561054
374,8.45,8.71,20,4.72,26.7,1.271,87,209,72,17,260,3.043751718340382,3.672382450743467,-0.6286307324030846
375,8.06,2.71,10,4.45,32.7,0.989,62,19,37,29,288,2.609036004516593,3.451318713545451,-0.8422827090288578
376,4.35,9.07,34,2.48,28.8,1.682,49,166,98,41,162,2.7796118607139557,3.3646123114666056,-0.5850004507526498
377,5.41,5.46,66,1.51,34.7,1.839,69,184,43,10,425,4.995171854967946,5.004621346354245,-0.009449491386298803
378,5.19,8.03,35,2.84,33.1,1.924,91,467,63,38,138,3.686562492302704,3.8713613117079158,-0.18479881940521192
379,6.73,4.12,36,2.21,38.3,1.491,74,459,5,16,62,5.211254116329028,4.737274855162577,0.47397926116645017
380,8.16,7.55,79,1.46,37.3,1.104,51,144,59,35,135,4.422757386717598,4.838638477122124,-0.41588109040452537
381,8.87,5.8,57,0.86,35.2,0.654,25,298,99,42,128,3.7306634570949817,3.2299098177555257,0.500753639339456
382,3.31,6.14,15,3.44,35.2,1.759,74,89,97,10,476,2.433840661897166,1.9311199088488595,0.5027207530483064
383,7.31,6.9,35,4.06,30.1,0.509,50,269,91,3,8,5.167075323349046,5.187551047559581,-0.02047572421053534
384,3.22,1.64,31,1.55,25.6,1.588,25,288,57,38,326,1.7836130776783885,0.9642002384782344,0.8194128392001541
385,3.9,8.04,45,4.01,30.8,0.787,94,44,17,18,463,3.643801549407146,4.214993655665713,-0.5711921062585668
386,6.62,4.7,62,4.61,25.5,1.359,60,311,21,2,64,8.315569945691788,6.105616241375532,2.2099537043162556
387,8.24,2.26,34,0.54,33.9,0.616,92,466,61,22,300,2.623959816352404,2.19285296423222,0.43110685212018396
388,4.04,4.83,82,2.36,34.0,1.294,83,452,81,18,14,3.959793431390456,4.311724111352923,-0.3519306799624671
389,4.67,7.82,37,4.27,21.5,1.205,8,471,38,8,156,3.818219546814385,4.627940091570233,-0.809720544755848
390,5.9,8.33,111,1.12,23.0,1.752,36,348,15,40,40,4.3382648762938665,4.351816624083326,-0.013551747789459334
391,5.16,4.85,97,1.12,38.6,1.821,83,477,24,0,379,4.045341163143979,4.336098992388793,-0.2907578292448143
392,7.65,1.02,116,2.04,23.8,1.279,46,468,38,12,468,3.0909809490482982,3.244435877471344,-0.15345492842304598
393,6.49,9.48,94,1.8,35.6,1.455,39,50,87,34,403,5.599949202851014,5.113105315713149,0.48684388713786486
394,3.34,4.63,88,3.43,23.5,0.614,82,304,84,6,216,3.7205033136972143,3.571034944170197,0.14946836952701714
395,6.76,5.83,17,4.89,20.1,1.685,17,358,77,7,279,5.1667039396055925,4.362566187459814,0.8041377521457784
396,8.31,6.98,114,4.69,34.8,1.235,73,459,93,29,434,4.547218543734952,4.868873352661872,-0.3216548089269198
397,8.94,5.95,106,1.03,29.2,0.563,12,372,35,2,430,2.9221828764378737,3.319032311103159,-0.39684943466528555
398,4.08,5.53,50,4.18,39.9,0.717,46,489,33,17,337,3.9734287775811574,4.488220686186031,-0.5147919086048733
399,8.71,7.45,11,0.89,30.6,1.802,45,350,43,35,236,2.1074866508020627,1.4929401078284532,0.6145465429736094
400,5.0,2.54,110,3.05,28.4,1.601,37,493,19,9,207,3.6143963183011327,4.16611514666436,-0.5517188283632275
401,4.61,9.24,58,1.5,36.4,1.297,69,342,44,9,212,3.588482043372204,4.469350618930591,-0.8808685755583867
402,8.52,5.01,23,3.95,40.0,0.79,19,476,59,6,295,3.2362763389601756,3.6248153593977364,-0.3885390204375607
403,3.77,6.65,90,4.16,34.9,1.62,45,456,49,12,457,3.4299339762677596,4.0039810998827,-0.5740471236149403
404,3.49,8.6,44,0.53,25.7,1.837,59,405,92,7,251,2.396632224303352,2.049215391495805,0.3474168328075473
405,8.59,8.8,23,3.19,22.6,1.238,24,226,21,36,488,3.038450418169897,3.263805023309283,-0.225354605139386
406,5.16,8.39,64,3.65,35.5,1.361,39,128,49,26,486,5.3665512739740535,5.564900097435872,-0.19834882346181892
407,3.62,3.2,31,1.76,36.0,1.932,27,378,4,23,303,2.08618313132433,1.8399721411817116,0.2462109901426186
408,7.38,7.7,88,3.81,24.6,1.999,15,399,34,46,350,4.954103469143062,5.0560788445355405,-0.10197537539247836
409,5.71,4.0,11,2.5,36.6,1.364,43,497,42,19,269,3.839993741468893,3.745567868100224,0.09442587336866914
410,5.07,5.27,52,1.14,36.1,0.694,41,100,13,29,201,4.229057293342842,4.8376233534471655,-0.6085660601043239
411,4.15,7.11,96,0.64,33.0,1.414,48,277,13,23,161,3.258842494984852,3.8166187928837947,-0.5577762978989429
412,6.44,9.12,97,1.84,25.8,0.997,97,188,96,20,43,5.222447327978099,5.5165470766208085,-0.2940997486427097
413,5.48,4.05,61,4.08,20.0,1.347,1,293,3,19,217,5.906736454621126,5.640202101592039,0.2665343530290869
414,3.92,3.35,71,1.57,21.5,0.535,83,324,60,13,401,2.991099386656413,3.562303127251688,-0.571203740595275
415,7.26,3.87,51,4.87,23.7,1.205,50,68,41,45,190,5.7449353016007825,5.543984849504817,0.20095045209596574
416,5.75,9.59,48,2.61,29.1,1.556,22,352,64,1,309,4.88282075550191,4.8675454522651265,0.015275303236783166
417,8.22,3.7,118,3.8,20.9,0.661,94,349,50,8,259,3.8604130127779097,4.2696630411954954,-0.40925002841758573
418,8.2,3.42,33,4.76,38.0,1.86,83,283,20,12,105,3.2433673701162085,3.6601810750506876,-0.4168137049344791
419,6.66,4.45,77,3.89,38.9,1.197,47,248,37,3,53,7.294842479897263,6.269347672929241,1.0254948069680223
420,8.72,9.0,114,1.51,36.7,1.698,55,200,36,19,389,3.084460932095096,3.1285552877726763,-0.04409435567758013
421,8.25,5.59,98,4.79,35.6,1.577,52,123,5,9,1,4.691065417810497,5.179864778928393,-0.4887993611178958
422,4.86,5.86,101,3.67,36.5,0.502,74,327,66,30,441,4.864117926214428,5.466073597513439,-0.6019556712990113
423,3.66,6.26,12,0.8,37.0,0.934,85,224,5,15,482,2.1763351436867717,2.2399388976020997,-0.06360375391532802
424,4.49,3.83,45,1.39,24.3,1.336,14,45,30,44,49,3.243732954028589,3.721010551520705,-0.47727759749211573
425,8.73,3.85,97,1.66,29.6,1.499,67,470,18,33,419,2.914991890793854,3.2398002038048954,-0.3248083130110415
426,7.42,7.95,114,2.62,35.3,1.469,11,433,30,4,80,5.169801385775936,5.063516506388806,0.10628487938712983
427,7.97,8.82,59,0.95,29.5,1.701,35,42,63,27,205,3.9483360388257607,3.868411919944304,0.07992411888145678
428,5.36,7.03,85,3.44,36.8,1.901,9,27,92,12,34,5.2211996119773785,5.180372405260318,0.04082720671706053
429,8.29,1.48,72,1.97,24.6,0.985,79,193,9,49,263,2.9327720848789407,3.1865193103684515,-0.2537472254895108
430,7.12,4.94,27,3.57,31.8,0.58,26,241,86,38,427,5.496232133975139,4.795812499609615,0.7004196343655247
431,5.35,9.56,14,4.68,32.4,0.695,46,20,77,46,366,3.4600376608028,3.869736810120393,-0.4096991493175932
432,6.07,8.2,68,4.86,39.8,0.974,99,77,49,20,91,7.263489612455872,6.655793765311715,0.6076958471441563
433,4.1,8.68,83,3.71,33.6,1.037,14,238,27,0,339,4.2353499445317535,4.493072770510608,-0.25772282597885443
434,8.57,7.6,87,2.37,24.0,0.705,94,450,46,26,473,3.5470145756641975,4.3014428227031,-0.7544282470389025
435,7.69,2.92,17,2.33,38.0,1.685,59,300,29,33,52,2.6216409740013114,3.1125318701418183,-0.49089089614050696
436,8.53,4.8,22,3.55,39.6,1.95,87,339,37,31,345,2.915895428071454,2.757381699290664,0.15851372878079006
437,3.55,2.03,118,4.2,30.0,1.796,7,121,94,50,264,2.6621963813699505,1.8785041784471748,0.7836922029227757
438,6.99,9.97,89,3.47,29.0,0.901,16,169,70,23,241,6.003707745795581,5.377729879263769,0.6259778665318123
439,8.34,2.1,84,1.1,20.4,1.574,37,192,47,19,13,2.7325836765867564,3.0192966828614285,-0.2867130062746721
440,6.43,1.5,101,0.9,35.0,1.654,7,390,69,16,315,4.237227056032419,3.7780634276706917,0.45916362836172686
441,3.7,5.96,26,2.86,37.2,0.767,21,8,46,36,88,3.5437770012344556,3.042198571642662,0.5015784295917936
442,4.21,1.57,105,1.78,38.9,1.425,97,423,85,37,387,2.277808768226657,2.747768432406336,-0.46995966417967905
443,5.68,5.87,114,1.29,32.7,0.736,64,437,70,2,273,5.235966012812114,5.3012862033616495,-0.06532019054953508
444,6.63,8.87,94,0.88,21.1,1.857,4,117,41,17,166,4.210038877162074,4.234069762815241,-0.024030885653167466
445,8.76,3.82,95,3.11,27.4,1.99,49,245,94,1,328,3.183064651528368,3.3250924692433417,-0.14202781771497364
446,7.71,8.97,46,2.23,21.0,1.0,37,431,67,36,492,4.360095641788436,4.410496241937582,-0.05040060014914616
447,6.52,2.83,71,4.95,37.2,0.868,38,406,80,34,134,6.032794159789508,5.61298246240141,0.41981169738809765
448,3.96,4.96,73,4.32,26.4,1.884,72,22,35,26,306,3.529332775748991,3.8832802509478994,-0.35394747519890846
449,8.95,9.61,88,2.2,36.5,0.568,47,273,81,23,480,3.49296319327903,3.5465410655170952,-0.053577872238065094
450,4.05,3.88,31,3.25,25.1,1.138,79,302,6,6,319,3.174029390785863,3.6738481688415576,-0.4998187780556944
451,6.5,5.56,12,4.41,33.0,1.774,13,161,15,41,243,4.769299304933786,4.428623468323266,0.3406758366105196
452,8.9,1.8,85,4.99,28.1,1.003,70,2,16,17,54,3.3461965797515014,3.5375929606436887,-0.19139638089218725
453,8.28,8.92,17,2.75,28.4,0.883,84,289,53,34,363,2.891165009959542,3.233710385170555,-0.3425453752110128
454,5.97,6.49,43,1.23,23.6,0.755,96,293,27,39,50,4.859020582179271,4.838338048904344,0.020682533274927195
455,5.6,4.44,86,4.36,25.3,1.696,41,237,39,46,456,5.307395082894241,5.551307907074633,-0.2439128241803914
456,7.6,1.83,52,2.34,29.5,0.522,30,240,76,46,174,3.65041604804858,3.996912767023419,-0.3464967189748389
457,3.26,2.38,76,2.41,27.9,0.948,32,88,36,37,445,2.883374965088684,2.4709297365897034,0.4124452284989806
458,5.53,6.55,118,3.16,33.8,1.708,33,97,7,22,189,5.674932001068563,4.8073872660296235,0.8675447350389396
459,5.45,6.81,99,0.91,39.3,1.519,73,201,69,45,496,4.697113228211734,5.010118578704132,-0.3130053504923982
460,7.39,6.1,69,3.18,39.9,1.049,6,361,81,23,187,6.82460208255668,5.782651674878242,1.0419504076784385
461,3.93,8.22,87,2.63,21.3,1.849,44,142,82,15,169,3.133249477110976,3.755743465935388,-0.6224939888244121
462,7.11,3.71,22,1.26,27.4,0.95,80,354,65,24,58,3.499671530392506,3.7004920224028384,-0.20082049201033225
463,4.69,2.89,68,2.82,37.0,0.861,78,275,44,4,48,4.488081269632977,4.894456104208295,-0.40637483457531864
464,3.64,3.22,68,4.62,30.2,1.553,66,218,66,48,344,3.1440192517322405,3.4298692078244186,-0.2858499560921781
465,8.39,6.54,43,3.78,23.8,1.973,72,490,87,16,235,3.1426945667386774,3.363935651227714,-0.22124108448903668
466,6.26,7.68,28,2.88,25.5,1.514,62,104,32,9,252,5.539443878567093,5.024208435216128,0.5152354433509654
467,6.91,6.32,90,1.75,36.4,0.808,69,330,29,10,21,6.2936592356692325,5.885790255801152,0.4078689798680806
468,3.25,8.09,12,4.02,26.2,0.968,78,180,68,43,313,2.6662521378873216,1.746823319513548,0.9194288183737735
469,5.74,3.04,84,0.71,36.2,1.834,52,314,56,48,459,4.15882197762487,4.099360260926196,0.059461716698673506
470,7.94,1.7,112,3.34,37.1,0.738,67,232,37,30,160,3.684320360153604,4.033833699415624,-0.3495133392620198
471,5.27,9.12,83,1.48,30.9,0.541,78,23,38,12,276,4.520735870758785,4.843915638147366,-0.3231797673885808
472,5.64,3.95,93,4.96,34.5,1.369,49,389,71,24,443,5.832902919459787,5.686431584501242,0.14647133495854536
473,7.91,7.09,100,3.46,37.5,0.628,55,94,86,12,191,4.941767970352683,5.592317521948737,-0.650549551596054
474,8.26,8.09,63,0.72,25.1,0.701,9,203,17,39,385,3.8243519132205033,3.7493773035452627,0.07497460967524061
475,6.97,4.99,68,1.94,31.1,0.874,13,464,95,14,293,6.121871492878169,5.517110279742569,0.6047612131355997
476,7.27,2.85,40,1.67,36.8,1.636,56,147,24,14,413,4.05037255260124,4.18344722613118,-0.13307467352993996
477,8.69,8.15,79,3.02,37.7,1.633,70,325,25,43,343,3.729119321226827,4.29634764591794,-0.5672283246911132
478,5.05,9.85,72,2.89,40.0,1.283,84,235,73,37,257,5.008411341046004,5.156813889636243,-0.14840254859023982
479,6.4,6.97,70,1.73,35.8,1.935,18,435,56,25,308,5.453201637210374,4.998697402362467,0.45450423484790736
480,3.5,9.28,117,1.27,38.2,1.09,88,139,70,9,149,3.3106811186492737,2.8004498960644035,0.5102312225848702
481,4.38,3.99,51,3.94,31.3,1.735,15,52,79,6,130,3.6955170197623666,4.2099834343670395,-0.5144664146046729
482,4.9,3.18,57,3.19,22.8,1.064,95,466,39,40,151,4.275496898223078,4.574574693461711,-0.29907779523863365
483,6.11,6.29,18,2.28,35.1,1.895,10,427,79,47,359,3.692057242428042,3.6864598233853187,0.00559741904272304
484,6.38,4.72,26,1.28,25.3,0.906,35,364,81,10,99,4.151772940662511,4.436198264222534,-0.2844253235600229
485,5.82,8.12,39,2.64,39.1,1.405,21,412,28,50,372,5.467861067622426,5.113193895395953,0.35466717222647315
486,8.75,6.92,48,1.43,23.5,1.392,43,76,4,47,87,3.359008255454807,3.259957801186161,0.0990504542686459
487,6.57,4.53,119,0.84,36.6,0.608,51,415,38,35,458,5.391174564463709,4.708431232299938,0.6827433321637706
488,6.45,4.29,78,3.36,34.3,1.875,40,238,59,30,330,6.316314723067324,5.377673219464981,0.9386415036023434
489,8.09,6.37,56,2.94,26.0,1.784,89,142,15,14,214,4.660607998338729,4.587879095318651,0.07272890302007795
490,3.4,2.6,20,3.07,36.8,1.039,49,141,11,31,466,2.2688649902471787,2.057186279358304,0.2116787108888749
491,3.43,7.29,61,2.45,31.2,1.095,16,448,61,33,121,3.619667713848736,3.405217350689454,0.214450363159282
492,8.82,5.36,62,4.46,22.6,1.584,10,234,71,13,499,3.9976972363730456,4.265696186025101,-0.2679989496520556
493,5.62,6.27,29,3.81,20.7,0.771,35,58,29,34,20,4.904049313318898,5.0362216430126185,-0.13217232969372095
494,4.83,2.39,14,1.33,32.9,1.637,65,153,82,40,188,1.828944045109496,2.416571336819783,-0.5876272917102869
495,8.19,6.04,22,1.9,21.6,1.878,31,162,56,11,71,2.891276563845639,3.0679139363612955,-0.17663737251565648
496,5.47,3.18,111,4.83,34.9,0.943,24,114,70,4,106,5.053822991037641,5.251585643723873,-0.19776265268623217
497,6.24,7.87,82,1.15,32.0,1.523,24,107,86,50,270,5.796700030908992,5.151510911816554,0.6451891190924384
498,5.78,9.78,21,1.32,23.4,1.624,65,296,57,3,348,3.253382673925757,3.5056256586501777,-0.2522429847244205
499,8.03,1.66,99,3.84,34.0,0.765,48,480,3,44,435,3.6194775619761064,4.2727969018723,-0.6533193398961936
500,7.51,7.02,33,2.75,28.5,1.725,61,376,55,16,102,4.423325591095485,4.431961631071498,-0.008636039976013699
